team,Pos,kills_per_set,blocks_per_set,reception
Alice Lloyd,OH,20,19,13
Alice Lloyd,S,1,0,0
Alice Lloyd,DS,0,0,50
Alice Lloyd,OH,27,12,8
Alice Lloyd,DS,0,0,30
Alice Lloyd,RS,0,0,9
Alice Lloyd,DS,0,0,0
Alice Lloyd,OH,6,11,3
Alice Lloyd,S,0,0,22
Alice Lloyd,OH,32,30,10
Alice Lloyd,RS,30,43,22
Alice Lloyd,S,1,0,0
Alice Lloyd,MH,0,17,0
Alice Lloyd,OH,14,18,3
Alice Lloyd,MH,14,35,1
Alice Lloyd,MH,35,69,0
Antelope Valley,D,1,0,4
Antelope Valley,OH,55,10,33
Antelope Valley,S,0,0,0
Antelope Valley,LS,2,0,31
Antelope Valley,S/OPP,7,17,0
Antelope Valley,S/RS,0,0,0
Antelope Valley,OH,24,27,0
Antelope Valley,OH,0,0,3
Antelope Valley,M,15,43,1
Antelope Valley,OH,11,5,12
Antelope Valley,LIBERO/D,0,0,0
Antelope Valley,S/OPP,3,4,2
Antelope Valley,OH/OPP,26,26,2
Antelope Valley,LIBERO,2,2,41
Antelope Valley,OH,28,16,20
Antelope Valley,OH/OPP,3,6,1
Aquinas,MH,28,45,0
Aquinas,S,15,38,0
Aquinas,OH,33,27,14
Aquinas,DS,2,0,15
Aquinas,DS,1,0,38
Aquinas,MH,24,23,0
Aquinas,MH,27,71,0
Aquinas,DS,0,0,52
Aquinas,OH,26,0,1
Aquinas,MH,49,89,1
Aquinas,DS,4,2,33
Aquinas,MH,0,0,0
Aquinas,OH,8,3,28
Aquinas,MH,42,56,2
Aquinas,S,6,23,43
Aquinas,OH,56,43,25
Arizona Christian,LB,0,0,16
Arizona Christian,MB,16,50,0
Arizona Christian,OH,35,16,61
Arizona Christian,DS,0,0,50
Arizona Christian,OH,16,10,9
Arizona Christian,DS,0,0,27
Arizona Christian,MB,16,31,1
Arizona Christian,OH,19,41,0
Arizona Christian,S,4,0,0
Arizona Christian,RS,52,50,0
Arizona Christian,OH,34,30,27
Arizona Christian,MB,26,49,0
Arizona Christian,MB,44,56,3
Arizona Christian,S,6,2,0
Ave Maria,DS,1,0,27
Ave Maria,MB,44,77,0
Ave Maria,LB,1,0,49
Ave Maria,DS,7,10,10
Ave Maria,OH,67,40,8
Ave Maria,OH,49,18,21
Ave Maria,DS,1,0,9
Ave Maria,S,22,46,0
Ave Maria,OH,12,20,0
Ave Maria,S,19,46,1
Ave Maria,MB,51,64,0
Ave Maria,S,0,0,2
Ave Maria,DS,0,0,28
Avila,L,0,0,55
Avila,OH,13,26,1
Avila,S,10,2,0
Avila,OPP,29,49,0
Avila,OH,39,17,26
Avila,DS,0,0,0
Avila,DS,0,0,10
Avila,RS,23,14,1
Avila,MB,0,0,0
Avila,S,4,0,0
Avila,S/DS,0,0,0
Avila,S/DS,0,0,0
Avila,MB,57,65,1
Avila,OH,#VALUE!,#VALUE!,#VALUE!
Avila,MB,22,38,0
Avila,OH/DS,8,15,1
Avila,OH,48,12,27
Avila,DS,0,0,65
Avila,DS,0,0,35
Avila,S/DS,1,0,5
Avila,S,0,0,4
Baker,S,0,0,3
Baker,OH,54,23,35
Baker,RS,37,25,0
Baker,OH,35,16,43
Baker,LIB,0,0,53
Baker,S,1,2,0
Baker,LIB,0,0,27
Baker,RS,16,17,7
Baker,MB,55,51,1
Baker,LIB,3,0,0
Baker,MB,18,38,0
Baker,MB,14,38,0
Baker,OH,0,0,0
Baker,MB,0,35,0
Baker,LIB,0,0,15
Baker,DS,#VALUE!,#VALUE!,#VALUE!
Baker,DS,0,0,0
Baker,S,7,15,0
Baker,OH,0,0,0
Baker,OH,8,14,1
Baker,LIB,0,0,38
Bellevue,DS,0,0,7
Bellevue,DS,0,0,20
Bellevue,OH,0,0,0
Bellevue,OH,61,33,60
Bellevue,MB,40,58,0
Bellevue,MB/RS,50,92,3
Bellevue,S,30,36,0
Bellevue,MB,8,14,0
Bellevue,MB,34,59,0
Bellevue,DS,0,0,28
Bellevue,S,2,9,0
Bellevue,L/DS,0,0,40
Bellevue,RS,60,40,0
Bellevue,OH,0,0,0
Bellevue,RS/S,46,35,56
Benedictine,MH,0,0,0
Benedictine,S,1,0,0
Benedictine,DS,0,0,8
Benedictine,OH,54,20,0
Benedictine,S,2,0,0
Benedictine,MB,18,46,0
Benedictine,MH,5,0,0
Benedictine,S,1,2,0
Benedictine,OH/DS,50,18,83
Benedictine,DS/L,#VALUE!,#VALUE!,#VALUE!
Benedictine,S/DS,0,0,0
Benedictine,MH,0,0,0
Benedictine,OH,12,0,0
Benedictine,DS/L,4,0,0
Benedictine,DS/L,0,0,66
Benedictine,RS,43,35,0
Benedictine,MH,20,0,0
Benedictine,MH,37,38,0
Benedictine,OH,0,0,0
Benedictine,MH/RS,35,55,0
Benedictine,OH,44,23,62
Benedictine,OH,#VALUE!,#VALUE!,#VALUE!
Benedictine,MH,#VALUE!,#VALUE!,#VALUE!
Benedictine,OH/RS,#VALUE!,#VALUE!,#VALUE!
Benedictine,DS/L,0,0,0
Benedictine,OH,3,0,0
Benedictine,MH,0,0,0
Benedictine,DS,#VALUE!,#VALUE!,#VALUE!
Benedictine,S,#VALUE!,#VALUE!,#VALUE!
Benedictine,MH,#VALUE!,#VALUE!,#VALUE!
Benedictine Mesa,DS,0,0,28
Benedictine Mesa,L,0,0,55
Benedictine Mesa,RS,31,24,2
Benedictine Mesa,OH,23,11,2
Benedictine Mesa,OH,67,17,32
Benedictine Mesa,S,2,1,0
Benedictine Mesa,OH,70,23,45
Benedictine Mesa,OH,47,20,6
Benedictine Mesa,DS,0,0,23
Benedictine Mesa,MB,10,34,0
Benedictine Mesa,OH,#VALUE!,#VALUE!,#VALUE!
Benedictine Mesa,DS,0,0,0
Benedictine Mesa,RS,0,0,0
Benedictine Mesa,RS,16,36,0
Benedictine Mesa,MB,21,44,0
Bethany,DS,0,0,44
Bethany,DS,0,0,7
Bethany,OH,43,14,27
Bethany,OH,17,17,3
Bethany,MB,#VALUE!,#VALUE!,#VALUE!
Bethany,S,1,0,0
Bethany,RS,39,29,2
Bethany,OH,32,22,14
Bethany,DS,0,0,0
Bethany,S,2,0,0
Bethany,MB,#VALUE!,#VALUE!,#VALUE!
Bethany,MB,31,30,6
Bethany,S,0,0,0
Bethany,S,#VALUE!,#VALUE!,#VALUE!
Bethany,RS,0,0,0
Bethany,DS,0,0,2
Bethany,MB,31,58,0
Bethany,RS,0,0,0
Bethany,OH,25,35,0
Bethany,RS,#VALUE!,#VALUE!,#VALUE!
Bethany,DS,1,0,32
Bethany,OH,7,41,0
Bethany,MB,9,45,0
Bethany,MB,#VALUE!,#VALUE!,#VALUE!
Bethany,DS,0,0,2
Bethany,S,1,0,0
Bethany,MB,#VALUE!,#VALUE!,#VALUE!
Bethany,DS,0,0,76
Bethany,S,0,0,0
Bethany,RS,#VALUE!,#VALUE!,#VALUE!
Bethel (IN),OH,42,23,15
Bethel (IN),S,0,0,1
Bethel (IN),DS,0,0,50
Bethel (IN),S,0,0,17
Bethel (IN),DS,0,0,51
Bethel (IN),LB,0,0,38
Bethel (IN),RS,10,37,0
Bethel (IN),S,35,35,2
Bethel (IN),MB,45,79,2
Bethel (IN),MB,48,79,2
Bethel (IN),RS,26,40,9
Bethel (IN),RS,14,25,0
Bethel (IN),DS,1,0,1
Bethel (IN),OH,48,28,9
Bethel (KS),DS,0,0,31
Bethel (KS),OH,69,26,11
Bethel (KS),S,1,6,1
Bethel (KS),S,2,5,7
Bethel (KS),OH,49,21,23
Bethel (KS),OH,28,20,3
Bethel (KS),OH,0,1,47
Bethel (KS),S,#VALUE!,#VALUE!,#VALUE!
Bethel (KS),MH,20,61,0
Bethel (KS),DS,0,0,0
Bethel (KS),DS,0,0,0
Bethel (KS),RS,25,25,1
Bethel (KS),OH,0,0,0
Bethel (KS),DS,1,0,46
Bethel (KS),OH,#VALUE!,#VALUE!,#VALUE!
Bethel (KS),RS,#VALUE!,#VALUE!,#VALUE!
Bethel (KS),MB,40,56,1
Bethel (KS),DS,#VALUE!,#VALUE!,#VALUE!
Bethel (KS),MH,32,23,0
Bethel (KS),DS,3,0,0
Bethel (KS),N/A,#VALUE!,#VALUE!,#VALUE!
Bethel (KS),RS,0,0,0
Bethel (KS),MB,#VALUE!,#VALUE!,#VALUE!
Bethel (TN),OH,47,22,34
Bethel (TN),DS,0,0,28
Bethel (TN),MB,20,44,1
Bethel (TN),OH,18,28,0
Bethel (TN),S,43,27,2
Bethel (TN),S,4,0,0
Bethel (TN),DS/OH,0,1,0
Bethel (TN),DS,2,0,20
Bethel (TN),OH,0,0,57
Bethel (TN),S,80,14,61
Bethel (TN),MB,15,27,2
Blue Mountain,DS,0,0,41
Blue Mountain,DS,21,16,4
Blue Mountain,RS,2,9,0
Blue Mountain,OH,44,41,30
Blue Mountain,MB,36,56,0
Blue Mountain,DS,1,0,26
Blue Mountain,OH,43,6,25
Blue Mountain,DS,2,0,0
Blue Mountain,MB,31,61,0
Blue Mountain,S,2,0,0
Blue Mountain,OH,36,8,16
Blue Mountain,MB,30,43,0
Blue Mountain,RS,31,16,0
Blue Mountain,RS,69,28,0
Blue Mountain,RS,35,25,0
Blue Mountain,S,3,3,0
Blue Mountain,S,3,12,0
Blue Mountain,OH,2,1,5
Bluefield,N/A,52,12,43
Bluefield,OH,37,58,1
Bluefield,OH,67,12,47
Bluefield,OH,0,0,22
Bluefield,OH,18,2,22
Bluefield,S,1,7,0
Bluefield,DS,0,0,11
Bluefield,DS,1,0,60
Bluefield,OH,0,0,0
Bluefield,OH,18,19,0
Bluefield,S,5,9,0
Bluefield,MB,15,39,0
Bluefield,DS,0,0,5
Bluefield,MB,29,56,0
Bluefield,RS,62,49,1
Bluefield,DS,0,0,0
Bluefield,MB,9,27,0
Brenau,DS,0,0,2
Brenau,DS/L,3,0,6
Brenau,OH,20,8,6
Brenau,S,0,0,0
Brenau,MH,26,26,5
Brenau,OH,22,37,1
Brenau,MH,96,15,63
Brenau,OH,19,29,0
Brenau,DS,40,23,0
Brenau,DS,1,0,52
Brenau,L,0,0,3
Brenau,S,0,0,62
Brenau,OH,6,10,1
Brescia,OH,39,12,42
Brescia,MB,24,23,3
Brescia,OH,51,66,15
Brescia,DS,1,0,44
Brescia,OH,50,31,29
Brescia,DS,1,0,19
Brescia,OH,26,35,1
Brescia,S,10,8,0
Brescia,DS,0,0,6
Brescia,S/RS,8,12,0
Brewton-Parker,LB,0,0,53
Brewton-Parker,S,8,8,1
Brewton-Parker,OH,11,7,34
Brewton-Parker,OH,32,15,10
Brewton-Parker,MB,19,25,1
Brewton-Parker,LB,0,0,30
Brewton-Parker,S,0,0,0
Brewton-Parker,DS,1,0,14
Brewton-Parker,MH,17,23,2
Brewton-Parker,OH,25,11,21
Brewton-Parker,S,15,7,0
Briar Cliff,S,4,7,11
Briar Cliff,DS,0,0,46
Briar Cliff,OH,42,22,16
Briar Cliff,S,0,0,0
Briar Cliff,OH,6,6,15
Briar Cliff,MH,#VALUE!,#VALUE!,#VALUE!
Briar Cliff,RS,0,0,53
Briar Cliff,S,0,0,0
Briar Cliff,S,6,12,0
Briar Cliff,OH,55,21,53
Briar Cliff,OH,6,0,0
Briar Cliff,DS,0,0,21
Briar Cliff,MH,33,56,0
Briar Cliff,MH,12,0,0
Briar Cliff,MH,20,0,0
Briar Cliff,RS,13,22,0
Briar Cliff,MH,34,62,1
Briar Cliff,DS,#VALUE!,#VALUE!,#VALUE!
Briar Cliff,DS,#VALUE!,#VALUE!,#VALUE!
Briar Cliff,MH,17,31,2
Briar Cliff,DS,0,0,0
Briar Cliff,OH,#VALUE!,#VALUE!,#VALUE!
Briar Cliff,OH,#VALUE!,#VALUE!,#VALUE!
Briar Cliff,OH,53,35,0
Bryan,DS,0,0,0
Bryan,OPP,18,22,0
Bryan,MB,12,50,0
Bryan,OPP,22,29,0
Bryan,OPP,34,53,0
Bryan,DS,0,0,66
Bryan,MB,15,17,0
Bryan,OPP,4,17,0
Bryan,S,0,0,0
Bryan,DS,0,0,37
Bryan,OH,71,30,60
Bryan,MB,29,63,0
Bryan,OH,45,5,6
Bryan,S,1,2,0
Bryan,OH,55,25,28
Bryan,S,5,0,0
Bryan,MB,42,84,0
Bushnell,OH,40,35,0
Bushnell,OH,47,15,18
Bushnell,DS,0,0,32
Bushnell,DS,0,0,7
Bushnell,RS,52,52,0
Bushnell,MB,37,71,0
Bushnell,RS,26,64,0
Bushnell,L,1,0,39
Bushnell,S,0,0,0
Bushnell,OH,#VALUE!,#VALUE!,#VALUE!
Bushnell,S,1,0,0
Bushnell,S,10,26,0
Bushnell,DS,0,0,26
Bushnell,OH,29,7,5
Bushnell,MB,#VALUE!,#VALUE!,#VALUE!
Bushnell,MB,0,35,0
Bushnell,OH,55,35,51
Bushnell,SO,22,71,1
Bushnell,S,0,0,0
Calumet,OH,21,33,0
Calumet,DS,0,0,24
Calumet,L/DS,1,0,24
Calumet,P/M,36,26,4
Calumet,P/DS,10,0,35
Calumet,M,22,30,41
Calumet,OH,65,19,33
Calumet,RS,2,2,0
Calumet,L/S,6,5,10
Calumet,L/S,0,1,12
Calumet,DS,0,0,10
Calumet,S,4,11,0
Calumet,P,49,12,2
Calumet,M,0,0,0
Campbellsville,MB,34,79,0
Campbellsville,DS,1,0,31
Campbellsville,S,10,10,0
Campbellsville,DS,1,0,43
Campbellsville,MH,43,29,0
Campbellsville,OH,19,12,0
Campbellsville,S,2,4,0
Campbellsville,MB,51,31,4
Campbellsville,DS,0,0,0
Campbellsville,MB,29,49,1
Campbellsville,DS,1,0,41
Campbellsville,S,71,28,11
Campbellsville,OH,54,29,12
Cardinal Stritch,OH,3,6,21
Cardinal Stritch,L/DS,0,0,18
Cardinal Stritch,MH/RS,23,23,16
Cardinal Stritch,DS,6,7,2
Cardinal Stritch,RS/OH,21,33,16
Cardinal Stritch,MH,28,33,1
Cardinal Stritch,RS/MH,#VALUE!,#VALUE!,#VALUE!
Cardinal Stritch,L/DS,0,0,59
Cardinal Stritch,OH,24,7,0
Cardinal Stritch,OH,31,28,8
Cardinal Stritch,OH,64,28,72
Cardinal Stritch,MH,28,56,0
Cardinal Stritch,S,6,5,0
Cardinal Stritch,MH,49,79,2
Carlow,OH,0,0,24
Carlow,OH,0,0,28
Carlow,MH,0,0,0
Carlow,OH,0,0,34
Carlow,OH,58,27,28
Carlow,MH,18,23,0
Carlow,DS,21,12,6
Carlow,DS,0,0,0
Carlow,OH,40,3,14
Carlow,S,2,2,0
Carlow,DS,11,0,0
Carlow,DS,0,0,0
Carlow,MH,38,51,0
Carlow,RS,34,28,6
Carlow,S,0,0,0
Carlow,MH,6,32,0
Carlow,DS,0,0,5
Carroll,OH,41,33,5
Carroll,DS,0,0,6
Carroll,OH,0,0,0
Carroll,DS,2,0,42
Carroll,MH,61,59,13
Carroll,S,0,0,0
Carroll,OH,15,0,0
Carroll,MH,17,49,0
Carroll,OH,55,23,71
Carroll,MH,2,3,0
Carroll,DS,0,0,74
Carroll,MH,30,28,4
Carroll,DS,0,0,0
Carroll,S,21,32,0
Central Baptist,DS,3,2,37
Central Baptist,S,8,7,1
Central Baptist,DS,26,8,47
Central Baptist,DS,2,0,14
Central Baptist,S,1,0,16
Central Baptist,OH,#VALUE!,#VALUE!,#VALUE!
Central Baptist,OPP/S,64,9,19
Central Baptist,MB,33,16,3
Central Baptist,DS,33,25,33
Central Baptist,OH,60,10,2
Central Baptist,OH,2,29,0
Central Baptist,MB,22,28,1
Central Christian,S,10,6,0
Central Christian,DS,0,0,51
Central Christian,DS,0,0,9
Central Christian,S,0,0,25
Central Christian,OH,35,7,18
Central Christian,OH,23,13,4
Central Christian,MH,18,27,0
Central Christian,OH,57,25,7
Central Christian,DS,1,0,29
Central Christian,MH,15,30,0
Central Christian,OH,0,0,0
Central Christian,S,0,0,0
Central Christian,RS,6,0,0
Central Christian,DS,0,4,3
Central Christian,OH,46,25,36
Central Christian,OH,0,0,0
Central Christian,OH,29,8,12
Central Christian,DS,0,0,33
Central Christian,OH,22,17,9
Central Methodist,S,3,0,0
Central Methodist,OH,28,12,25
Central Methodist,OH,38,41,0
Central Methodist,OH,35,15,44
Central Methodist,OH,42,66,2
Central Methodist,OH,12,11,38
Central Methodist,DS,0,0,49
Central Methodist,S,0,0,0
Central Methodist,OH,19,25,0
Central Methodist,OPP,0,0,0
Central Methodist,DS,69,50,11
Central Methodist,MH,0,0,0
Central Methodist,DS,33,53,0
Central Methodist,S,0,0,1
Central Methodist,S,17,12,0
Central Methodist,DS,4,0,0
CIU,DS,0,0,7
CIU,DS,0,0,0
CIU,DS,0,0,0
CIU,MB,11,62,0
CIU,DS,0,0,0
CIU,LB,0,0,0
CIU,OH,35,20,1
CIU,OH,8,0,4
CIU,OH,40,0,0
CIU,DS,0,0,0
CIU,S,78,33,0
CIU,MB,0,0,0
CIU,S,5,2,1
CIU,MB,49,35,0
CIU,OH,34,59,1
CIU,RS,0,0,0
CIU,S,0,0,1
CIU,S,8,10,1
CIU,DS,1,0,4
CIU,OH,13,14,56
CIU,OH,41,11,74
CIU,OH,35,24,1
CIU,DS,0,0,91
CIU,MB,#VALUE!,#VALUE!,#VALUE!
Clarke,L/DS,0,0,4
Clarke,OH,54,3,57
Clarke,S,13,13,0
Clarke,OH,3,20,0
Clarke,L/DS,0,0,12
Clarke,OH,53,23,41
Clarke,OH,0,0,0
Clarke,MH,30,57,0
Clarke,S,3,0,0
Clarke,OPP,39,30,22
Clarke,L/DS,#VALUE!,#VALUE!,#VALUE!
Clarke,OPP,48,43,2
Clarke,L/DS,0,0,42
Clarke,MH,10,51,0
Clarke,MH,23,23,0
Clarke,MH,#VALUE!,#VALUE!,#VALUE!
Coastal Georgia,OH,55,24,52
Coastal Georgia,OH,18,13,50
Coastal Georgia,DS,0,0,7
Coastal Georgia,S,0,1,0
Coastal Georgia,OH,13,17,24
Coastal Georgia,OH,26,7,4
Coastal Georgia,S,0,0,8
Coastal Georgia,MB,45,55,1
Coastal Georgia,DS,0,0,7
Coastal Georgia,MB,9,8,45
Coastal Georgia,MB,0,0,0
Coastal Georgia,DS,#VALUE!,#VALUE!,#VALUE!
Coastal Georgia,MB,17,49,0
Coastal Georgia,RS,27,18,0
Coastal Georgia,MB,16,22,0
Coastal Georgia,MB,32,60,0
Coastal Georgia,S,5,10,0
College of Idaho,S,8,19,0
College of Idaho,LB,0,0,26
College of Idaho,DS/L,0,0,0
College of Idaho,DS/L,0,0,28
College of Idaho,OH,41,19,5
College of Idaho,OH,53,35,0
College of Idaho,S,30,0,0
College of Idaho,OH,19,38,3
College of Idaho,MB,#VALUE!,#VALUE!,#VALUE!
College of Idaho,LB,40,10,20
College of Idaho,S,15,7,0
College of Idaho,MB,32,14,0
College of Idaho,MB,43,68,0
College of Idaho,OH,58,13,32
College of Idaho,OH,38,15,55
College of Idaho,MB,32,55,0
Columbia (MO),S,3,0,0
Columbia (MO),DS/L,0,0,18
Columbia (MO),S,0,0,0
Columbia (MO),RS,16,23,0
Columbia (MO),MH,38,66,0
Columbia (MO),DS/L,0,0,33
Columbia (MO),OH,54,24,3
Columbia (MO),S,12,15,0
Columbia (MO),OH,48,15,2
Columbia (MO),DS/L,0,0,23
Columbia (MO),OH,37,20,50
Columbia (MO),RS,55,33,4
Columbia (MO),MH,26,35,0
Columbia (MO),DS,0,0,2
Columbia (MO),DS,0,0,40
Columbia (MO),RS,23,8,0
Columbia (MO),MH,43,46,0
Columbia (MO),MH,30,45,0
Columbia (MO),OH/DS,1,0,0
Columbia (MO),OH,3,2,37
Columbia (MO),OH,54,29,4
Columbia (MO),RS,12,0,0
Columbia (SC),DS/L,0,0,48
Columbia (SC),DS,0,0,8
Columbia (SC),S/DS,0,0,0
Columbia (SC),MB,9,35,0
Columbia (SC),DS/L,0,1,25
Columbia (SC),OH/RS,8,5,2
Columbia (SC),MB,18,23,0
Columbia (SC),OH/MB,38,27,1
Columbia (SC),RS/DS,0,0,0
Columbia (SC),RS/OH,18,11,4
Columbia (SC),DS/L,0,0,9
Columbia (SC),DS/L,0,23,0
Columbia (SC),MB,5,40,0
Columbia (SC),OH/DS,11,38,17
Columbia (SC),S,1,0,0
Columbia (SC),DS/L,4,0,1
Columbia (SC),MB,32,71,5
Columbia (SC),OH/RS,28,28,2
Columbia (SC),OH/RS,26,21,48
Columbia (SC),MB,0,14,0
Columbia (SC),RS/OH,21,28,2
Columbia (SC),S/RS,0,1,0
Concordia (MI),OH,26,24,0
Concordia (MI),DS,1,0,3
Concordia (MI),OH,0,0,14
Concordia (MI),OH/DS,55,23,68
Concordia (MI),S,0,0,0
Concordia (MI),MB,12,41,0
Concordia (MI),S,4,2,9
Concordia (MI),RS,17,49,1
Concordia (MI),S/DS,1,0,5
Concordia (MI),MB,20,43,0
Concordia (MI),L/DS,0,0,56
Concordia (MI),OH,31,32,2
Concordia (MI),OH,31,22,46
Concordia (MI),MH,64,17,14
Concordia (MI),S,0,0,0
Concordia (Neb.),S,5,3,0
Concordia (Neb.),RS,16,0,0
Concordia (Neb.),S,10,25,0
Concordia (Neb.),DS,0,0,1
Concordia (Neb.),OH,52,14,12
Concordia (Neb.),DS,0,0,21
Concordia (Neb.),RS,10,0,0
Concordia (Neb.),OH,58,30,56
Concordia (Neb.),MB,62,70,1
Concordia (Neb.),OH,0,17,0
Concordia (Neb.),MB,8,28,0
Concordia (Neb.),DS,0,0,28
Concordia (Neb.),MB,38,44,0
Concordia (Neb.),MB,40,50,0
Concordia (Neb.),OH,24,12,0
Concordia (Neb.),DS,0,0,1
Concordia (Neb.),RS,51,41,0
Concordia (Neb.),DS,0,0,33
Concordia (Neb.),S,#VALUE!,#VALUE!,#VALUE!
Corban,OH,24,31,1
Corban,OH,68,41,48
Corban,OH,26,68,0
Corban,OPP/OH,51,38,1
Corban,DS,0,0,1
Corban,S/DS,0,1,0
Corban,DS,0,0,9
Corban,OH,84,18,46
Corban,DS/OH,0,0,0
Corban,MB,10,21,0
Corban,OH/OPP,25,23,0
Corban,S,0,0,0
Corban,MB,27,64,0
Corban,S,1,0,0
Corban,DS/L,0,0,48
Cornerstone,S,15,42,0
Cornerstone,S,0,0,0
Cornerstone,OH,33,12,1
Cornerstone,DS,2,0,69
Cornerstone,MH,0,0,0
Cornerstone,OH,47,22,60
Cornerstone,MH,38,61,0
Cornerstone,DS,0,0,5
Cornerstone,MH,57,79,0
Cornerstone,OH,39,46,6
Cornerstone,DS,0,0,42
Cornerstone,MH,13,48,0
Cornerstone,RS,26,15,0
Cornerstone,OH,58,24,39
Cornerstone,S,0,0,0
Cornerstone,OH,0,0,0
Cornerstone,OH,0,35,0
Cottey,OH,63,12,36
Cottey,MH,39,59,0
Cottey,RS,20,11,2
Cottey,S,0,0,0
Cottey,OH,7,2,37
Cottey,S,0,0,2
Cottey,S,3,1,5
Cottey,S,5,0,2
Cottey,S,10,5,12
Cottey,S,0,0,0
Cottey,LB,0,0,43
Cottey,OH,0,0,0
Cottey,RS,18,9,11
Cottey,OH,18,4,2
Cottey,OH,37,50,1
Cottey,MH,6,0,0
Cottey,LB,14,7,4
Cottey,DS,0,0,30
Cottey,MB,0,0,28
Cottey,OH,29,30,0
Cottey,MH,0,0,0
Crowley's Ridge,DS,0,0,0
Crowley's Ridge,DS/L,24,7,1
Crowley's Ridge,OH/DS,6,8,2
Crowley's Ridge,DS/L,0,0,54
Crowley's Ridge,MB/OPP,38,12,61
Crowley's Ridge,MB/OPP,0,1,27
Crowley's Ridge,OH/OPP,35,54,1
Culver-Stockton,DS,0,0,1
Culver-Stockton,OH,76,33,78
Culver-Stockton,MH,18,25,0
Culver-Stockton,DS,0,0,0
Culver-Stockton,OH,8,0,0
Culver-Stockton,OH,18,0,2
Culver-Stockton,OH/OPP,32,7,23
Culver-Stockton,DS,0,0,55
Culver-Stockton,OPP,66,49,1
Culver-Stockton,DS,0,0,34
Culver-Stockton,OH,17,12,7
Culver-Stockton,MH,16,51,1
Culver-Stockton,S,0,0,0
Culver-Stockton,DS,0,2,16
Culver-Stockton,MB,22,51,0
Culver-Stockton,S,0,0,0
Culver-Stockton,DS,2,0,0
Culver-Stockton,MB,13,23,0
Culver-Stockton,S,4,4,0
Culver-Stockton,MH,30,45,0
Cumberland,OH,43,35,1
Cumberland,S,0,0,1
Cumberland,MH,24,86,0
Cumberland,OH,47,24,21
Cumberland,OH,3,2,28
Cumberland,OH/RS,11,0,0
Cumberland,MH,48,73,0
Cumberland,S,0,0,1
Cumberland,MH/OH,22,46,0
Cumberland,MH,22,28,0
Cumberland,DS/L,0,0,56
Cumberland,S/RS,25,23,2
Cumberland,MH/OH,0,0,0
Cumberland,OH,27,64,0
Cumberland,OH/RS,55,23,46
Cumberland,DS/L,0,0,32
Cumberland,S,0,0,3
Cumberland,MH,1,0,1
Cumberlands,OH,#VALUE!,#VALUE!,#VALUE!
Cumberlands,S,0,0,32
Cumberlands,DS,0,0,77
Cumberlands,S,1,11,0
Cumberlands,S,6,10,0
Cumberlands,LB,0,0,0
Cumberlands,LB,0,0,0
Cumberlands,OH,9,6,0
Cumberlands,OH,6,7,0
Cumberlands,MH,24,48,3
Cumberlands,OH,#VALUE!,#VALUE!,#VALUE!
Cumberlands,MH,21,61,1
Cumberlands,OH,80,24,70
Cumberlands,M/ RS,40,44,1
Cumberlands,OH,70,14,30
Cumberlands,M/ RS,#VALUE!,#VALUE!,#VALUE!
Dakota State,DS,#VALUE!,#VALUE!,#VALUE!
Dakota State,S,37,29,12
Dakota State,S,3,3,2
Dakota State,OH,2,43,0
Dakota State,MH,19,37,0
Dakota State,OH,24,9,4
Dakota State,DS,0,0,72
Dakota State,MH,23,53,1
Dakota State,S,0,0,0
Dakota State,MH,16,27,0
Dakota State,OH,0,0,0
Dakota State,OH,71,32,58
Dakota State,OH,20,0,0
Dakota State,MH,4,38,0
Dakota State,MH,51,80,1
Dakota State,OH,0,0,50
Dakota State,OH,43,42,32
Dakota State,OH,2,0,30
Dakota Wesleyan,MB,6,12,0
Dakota Wesleyan,RS,93,74,0
Dakota Wesleyan,DS,0,0,0
Dakota Wesleyan,OH,0,0,0
Dakota Wesleyan,OH,32,35,3
Dakota Wesleyan,S,29,42,3
Dakota Wesleyan,S,#VALUE!,#VALUE!,#VALUE!
Dakota Wesleyan,MB,9,33,0
Dakota Wesleyan,S,32,53,0
Dakota Wesleyan,MB,0,0,0
Dakota Wesleyan,OH,0,0,0
Dakota Wesleyan,DS,45,35,70
Dakota Wesleyan,OH,0,0,39
Dakota Wesleyan,DS,#VALUE!,#VALUE!,#VALUE!
Dakota Wesleyan,LB,0,0,0
Dakota Wesleyan,DS,0,0,58
Dakota Wesleyan,Right Side,0,0,28
Dickinson State,MB,29,56,0
Dickinson State,OH,43,38,0
Dickinson State,OH,25,20,0
Dickinson State,OH,44,15,32
Dickinson State,S,0,0,0
Dickinson State,OH,0,28,0
Dickinson State,S,3,13,0
Dickinson State,OH,7,3,1
Dickinson State,OH,0,35,0
Dickinson State,DS,0,0,67
Dickinson State,OH,21,10,55
Dickinson State,OH,26,12,25
Dickinson State,OH,6,0,0
Dickinson State,OH,0,0,0
Dickinson State,S,0,0,0
Dickinson State,OH,20,35,3
Dickinson State,RS,46,46,20
Dickinson State,S,0,14,0
Dillard,DS/L,1,0,11
Dillard,OH/RS,0,0,0
Dillard,S/DS,1,2,5
Dillard,MB/RS,11,2,0
Dillard,S/RS,2,41,0
Dillard,RS/MB,23,17,1
Dillard,OH,31,46,1
Dillard,S,31,50,0
Dillard,RS/MB,1,0,2
Dillard,OH/MB,48,17,30
Dillard,OH/RS,1,0,1
Dillard,OH,18,46,1
Doane,L/DS,0,0,63
Doane,S/DS,#VALUE!,#VALUE!,#VALUE!
Doane,L/DS,1,0,13
Doane,S/DS,24,28,12
Doane,MB,35,66,1
Doane,OH,46,20,40
Doane,RS/OH,24,7,40
Doane,L/DS,0,0,32
Doane,L/DS,0,0,0
Doane,RS,54,43,0
Doane,MB/RS,12,56,0
Doane,MB,28,55,0
Doane,S,0,0,0
Doane,L/DS,0,0,34
Doane,OH,12,8,24
Doane,RS,21,24,7
Doane,OH,17,20,0
Doane,MB,0,71,0
Doane,S/DS,0,0,0
Doane,OH/RS,#VALUE!,#VALUE!,#VALUE!
Doane,MB/RS,#VALUE!,#VALUE!,#VALUE!
Doane,OH,#VALUE!,#VALUE!,#VALUE!
Doane,S,#VALUE!,#VALUE!,#VALUE!
Doane,L/DS,#VALUE!,#VALUE!,#VALUE!
Doane,DS,#VALUE!,#VALUE!,#VALUE!
Doane,MB/RS,#VALUE!,#VALUE!,#VALUE!
Doane,S,#VALUE!,#VALUE!,#VALUE!
Doane,DS,#VALUE!,#VALUE!,#VALUE!
Doane,DS,#VALUE!,#VALUE!,#VALUE!
Doane,MB/RS,#VALUE!,#VALUE!,#VALUE!
Dordt,DS,0,0,2
Dordt,S,0,0,3
Dordt,DS,0,0,42
Dordt,MB,41,84,0
Dordt,S,3,0,0
Dordt,DS,0,0,16
Dordt,DS,0,0,30
Dordt,MB,24,34,0
Dordt,MB,40,90,0
Dordt,OH,37,33,24
Dordt,MB,17,18,5
Dordt,OH,35,13,16
Dordt,RS,0,14,0
Dordt,MB,6,0,0
Dordt,S,5,26,0
Dordt,RS,34,54,1
Dordt,MB,27,30,0
Dordt,OH,0,0,0
Eastern Oregon,OH/RS,42,41,64
Eastern Oregon,DS/L,0,0,49
Eastern Oregon,S,0,0,0
Eastern Oregon,DS/L,0,0,10
Eastern Oregon,S,1,0,0
Eastern Oregon,OH,27,20,1
Eastern Oregon,MH,37,92,0
Eastern Oregon,DS/L,0,0,23
Eastern Oregon,S,1,0,0
Eastern Oregon,OH/RS,28,60,1
Eastern Oregon,MH,46,100,0
Eastern Oregon,OH/RS,41,44,0
Eastern Oregon,MH,53,23,1
Eastern Oregon,MH/RH,56,42,6
Eastern Oregon,MH,29,66,0
Eastern Oregon,RH/DS,31,30,1
Eastern Oregon,RH,0,0,0
Embry-Riddle,OH,0,0,8
Embry-Riddle,OH,2,3,23
Embry-Riddle,MB,31,34,0
Embry-Riddle,OH,55,16,0
Embry-Riddle,S,11,55,0
Embry-Riddle,MB/OH,50,16,65
Embry-Riddle,OH/DS,24,48,0
Embry-Riddle,MB,42,64,0
Embry-Riddle,DS/L,2,1,39
Evangel,DS,0,0,0
Evangel,L,1,0,24
Evangel,DS,0,0,15
Evangel,OH/RS,43,41,0
Evangel,S,2,0,0
Evangel,OH,6,15,1
Evangel,S,4,0,0
Evangel,RS,5,12,0
Evangel,MB,#VALUE!,#VALUE!,#VALUE!
Evangel,S,1,1,15
Evangel,S,#VALUE!,#VALUE!,#VALUE!
Evangel,MB,10,41,0
Evangel,OH/RS,60,33,66
Evangel,OH/RS,13,12,1
Evangel,OH/RS,41,26,0
Evangel,DS,#VALUE!,#VALUE!,#VALUE!
Evangel,OH/RS,36,48,6
Evangel,OH,6,0,0
Evangel,MB,31,55,1
Evangel,RS,#VALUE!,#VALUE!,#VALUE!
Evangel,OH,#VALUE!,#VALUE!,#VALUE!
Evangel,MB,32,97,0
Evangel,OH,36,18,33
Evangel,OH/RS,#VALUE!,#VALUE!,#VALUE!
Evangel,DS,0,0,61
Evangel,MB/RS,#VALUE!,#VALUE!,#VALUE!
Evangel,DS,#VALUE!,#VALUE!,#VALUE!
Evangel,DS,#VALUE!,#VALUE!,#VALUE!
Evangel,MH/RS,#VALUE!,#VALUE!,#VALUE!
Evergreen,DS/L,0,0,2
Evergreen,OH,69,20,42
Evergreen,DS/L,0,0,42
Evergreen,S/DS,0,0,4
Evergreen,OPP,65,58,20
Evergreen,DS/L,0,0,38
Evergreen,MB,24,84,0
Evergreen,OH,35,13,4
Evergreen,OH,18,7,0
Evergreen,S,15,37,0
Evergreen,OH/OPP,22,11,1
Evergreen,OPP,0,0,0
Evergreen,DS/OH,0,0,30
Evergreen,MB,15,41,0
Evergreen,MB,4,23,0
Evergreen,MB,12,43,0
Faulkner,MB,14,39,1
Faulkner,OH,63,19,56
Faulkner,DS,0,0,4
Faulkner,S,2,0,0
Faulkner,S,7,0,0
Faulkner,MB,25,45,1
Faulkner,DS,0,0,15
Faulkner,OH,24,12,56
Faulkner,OH,39,23,4
Faulkner,MB,23,35,0
Faulkner,S,22,0,0
Faulkner,OH,41,25,46
Faulkner,OH,28,41,6
Faulkner,OH,0,1,3
Faulkner,RS,13,23,0
Faulkner,DS,0,0,22
Fisher,LB,1,0,73
Fisher,OH,34,11,17
Fisher,OH,7,5,4
Fisher,MH,32,20,1
Fisher,OH,75,13,35
Fisher,S,32,11,24
Fisher,OH,3,0,43
Fisher,LB,#VALUE!,#VALUE!,#VALUE!
Fisher,MB,24,43,0
Fisher,S,6,2,0
Fisher,MB,0,0,0
Fisher,OH,6,0,0
Fisher,MB,6,0,0
Fisher,MH,17,5,2
Fisk,OH,16,11,0
Fisk,LB,1,0,100
Fisk,RS,31,59,7
Fisk,LB,2,0,4
Fisk,S,32,35,19
Fisk,DS,2,0,16
Fisk,MH,40,35,2
Fisk,DS,0,0,42
Fisk,MH,13,67,0
Fisk,S,14,13,2
Fisk,MH,16,25,0
Fisk,OH,49,33,25
Fisk,MH,14,23,6
Fisk,MH,18,19,0
Fisk,RS,12,11,0
Fisk,OH,49,21,5
Florida College,OPP,71,37,38
Florida College,S,15,7,2
Florida College,S,0,0,3
Florida College,DS,0,0,0
Florida College,S,3,0,0
Florida College,MB,19,34,0
Florida College,OH,50,13,35
Florida College,OPP,39,10,0
Florida College,MB,24,26,0
Florida College,OH,48,30,43
Florida College,OH,15,15,0
Florida College,DS,0,0,53
Florida College,DS,0,0,8
Florida College,MB,30,46,9
Florida College,DS,0,0,0
Florida Memorial,DS,1,0,3
Florida Memorial,DS,10,0,30
Florida Memorial,OH,80,28,25
Florida Memorial,RS,0,0,0
Florida Memorial,S,7,9,1
Florida Memorial,MB,41,24,3
Florida Memorial,DS,1,0,10
Florida Memorial,RS,40,20,20
Florida Memorial,OH,4,1,25
Florida Memorial,RS,40,23,3
Florida Memorial,S,8,7,3
Florida Memorial,DS,0,0,0
Florida Memorial,OH,3,0,0
Florida Memorial,OH,28,36,5
Florida Memorial,S,2,0,0
Florida Memorial,DS,2,0,0
Florida Memorial,RS,#VALUE!,#VALUE!,#VALUE!
Florida Memorial,DS,0,0,1
Florida National,MB,4,12,0
Florida National,MB,16,29,1
Florida National,MB,19,43,1
Florida National,DS,1,1,1
Florida National,MB,12,15,2
Florida National,OH,13,7,3
Florida National,DS,1,0,42
Florida National,MB,20,28,1
Florida National,S,2,8,0
Florida National,OH,5,1,17
Florida National,OH,54,28,33
Florida National,OH,45,25,30
Freed-Hardeman,DS,0,0,38
Freed-Hardeman,S,4,0,0
Freed-Hardeman,MB,17,54,0
Freed-Hardeman,MB,21,37,0
Freed-Hardeman,OH,28,23,0
Freed-Hardeman,DS,0,0,0
Freed-Hardeman,DS,1,0,70
Freed-Hardeman,OH/OPP,20,27,1
Freed-Hardeman,S,2,1,0
Freed-Hardeman,MB,28,29,0
Freed-Hardeman,OH/OPP,28,2,0
Freed-Hardeman,MB,5,0,0
Freed-Hardeman,DS,0,0,2
Freed-Hardeman,OH,50,9,68
Freed-Hardeman,OH,63,16,0
Georgetown,DS,0,0,28
Georgetown,DS,0,0,0
Georgetown,MH,47,52,2
Georgetown,S,2,0,0
Georgetown,RS,0,0,0
Georgetown,RS,5,0,0
Georgetown,OH,7,0,0
Georgetown,OH,0,0,0
Georgetown,DS,1,1,30
Georgetown,MH,8,14,0
Georgetown,S,2,0,0
Georgetown,RS,28,19,2
Georgetown,OH,14,12,32
Georgetown,S,3,0,0
Georgetown,OH,13,2,2
Georgetown,OH,38,11,13
Georgetown,MH,15,35,1
Georgetown,DS,2,0,58
Georgetown,OH,29,23,2
Georgetown,MH,0,0,0
Georgetown,RS,41,20,1
Georgetown,DS,0,0,0
Georgetown,OH,33,14,12
Goshen,DS,1,0,39
Goshen,MB,31,44,0
Goshen,DS,1,0,54
Goshen,DS,0,0,8
Goshen,MB,52,25,2
Goshen,OH,48,19,74
Goshen,OH,16,11,2
Goshen,OH,10,5,32
Goshen,DS,16,8,20
Goshen,S,3,2,0
Goshen,RS,1,7,3
Goshen,OH,29,17,11
Goshen,S,0,0,0
Goshen,MB,15,49,1
Goshen,OH,#VALUE!,#VALUE!,#VALUE!
Governors State,MH/MB,29,47,0
Governors State,S,0,0,0
Governors State,L,0,0,5
Governors State,L/DS,2,1,37
Governors State,OH/RS,0,0,0
Governors State,RS/S,54,25,31
Governors State,RS/S,10,20,0
Governors State,L/DS,1,0,9
Governors State,RS,13,10,1
Governors State,OH,73,25,41
Governors State,L/DS,0,0,14
Governors State,OH/L,7,9,18
Governors State,MB,22,36,0
Governors State,OH/RS,#VALUE!,#VALUE!,#VALUE!
Grace,DS,0,0,67
Grace,RS,36,33,0
Grace,DS,0,0,3
Grace,S,2,0,0
Grace,S,5,5,0
Grace,MB,32,55,1
Grace,MB,38,44,2
Grace,OH,41,17,63
Grace,DS,1,0,50
Grace,S,12,6,0
Grace,DS,1,0,23
Grace,OH,5,0,0
Grace,OH,56,12,11
Grace,OH,38,36,0
Grace,OH,35,20,12
Grace,OH,5,0,0
Grace,DS,0,0,18
Graceland,DS,0,0,41
Graceland,OH/RS,30,12,14
Graceland,DS/L/S,0,0,75
Graceland,OH/DS/L,31,7,20
Graceland,MH/RS,20,38,0
Graceland,DS,1,0,44
Graceland,S/RS,37,39,3
Graceland,RS/OH,59,25,41
Graceland,MH/OH,37,30,0
Graceland,MH,23,60,0
Graceland,S,1,1,0
Hannibal-LaGrange,OH,8,11,12
Hannibal-LaGrange,OH,3,0,44
Hannibal-LaGrange,OH,1,0,0
Hannibal-LaGrange,DS,0,0,11
Hannibal-LaGrange,S,1,0,0
Hannibal-LaGrange,LB,1,0,76
Hannibal-LaGrange,MB,21,61,0
Hannibal-LaGrange,OH,46,23,61
Hannibal-LaGrange,S,1,0,0
Hannibal-LaGrange,OP,12,15,0
Hannibal-LaGrange,MB,31,46,0
Hannibal-LaGrange,MB,28,26,2
Hannibal-LaGrange,DS,0,1,8
Hannibal-LaGrange,MB,6,12,0
Hannibal-LaGrange,OP,71,41,19
Harris-Stowe,DS/L,1,0,53
Harris-Stowe,DS,0,0,1
Harris-Stowe,DS,1,0,27
Harris-Stowe,OH,40,13,5
Harris-Stowe,S,5,17,1
Harris-Stowe,OH,46,27,1
Harris-Stowe,MH,41,23,16
Harris-Stowe,MH,52,57,0
Harris-Stowe,DS/L,0,0,22
Harris-Stowe,OH/RS,21,14,3
Harris-Stowe,S/DS,0,0,17
Harris-Stowe,MH,6,9,0
Harris-Stowe,MH,24,46,0
Haskell,LB,1,0,80
Haskell,OH/DS,32,5,39
Haskell,OH/S,38,5,31
Haskell,OH,2,0,26
Haskell,DS,1,0,30
Haskell,MH/OH,30,31,2
Haskell,MH,29,47,0
Haskell,DS/LB,0,0,10
Haskell,OH,42,25,7
Haskell,OH,6,14,2
Haskell,S,13,10,1
Haskell,OH,#VALUE!,#VALUE!,#VALUE!
Haskell,OH,4,0,0
Haskell,RS/MH,14,19,0
Haskell,RS/MH,14,18,0
Haskell,MB,0,0,0
Haskell,S,3,0,0
Hastings,MB,36,84,0
Hastings,DS,1,0,51
Hastings,OH,3,0,41
Hastings,DS,0,0,13
Hastings,DS,0,0,46
Hastings,MB,28,30,0
Hastings,OH,54,27,29
Hastings,DS,1,1,4
Hastings,RS,55,51,0
Hastings,OH,59,30,16
Hastings,OH,10,0,0
Hastings,S,3,6,0
Hastings,S,17,29,0
Hastings,OH,55,28,8
Hastings,MB,18,62,1
Hope International,S,1,0,0
Hope International,OH,22,25,11
Hope International,S,0,0,0
Hope International,DS,0,0,0
Hope International,OH,1,0,15
Hope International,OPP,14,47,1
Hope International,MB,37,62,1
Hope International,DS,1,0,40
Hope International,OPP,15,24,0
Hope International,OPP,0,1,29
Hope International,OPP,0,0,0
Hope International,MB,21,45,1
Hope International,OH,55,13,46
Hope International,OH,16,9,2
Hope International,S,1,1,0
Hope International,OH,53,15,51
Huntington,MB,35,50,0
Huntington,S,0,0,0
Huntington,OH,54,19,6
Huntington,DS,0,0,39
Huntington,DS,2,0,39
Huntington,MB,0,0,0
Huntington,OH,52,15,18
Huntington,MB,1,5,0
Huntington,DS,0,0,69
Huntington,OH,34,15,1
Huntington,OH,52,23,61
Huntington,S,14,28,1
Huntington,MB,22,56,0
Huntington,OPP,25,28,0
Huston-Tillotson,DS/L,0,0,0
Huston-Tillotson,OH,0,2,23
Huston-Tillotson,MB/RS,0,2,17
Huston-Tillotson,DS,24,45,0
Huston-Tillotson,OH,0,0,12
Huston-Tillotson,OH,19,7,4
Huston-Tillotson,OH,19,9,24
Huston-Tillotson,RS,44,15,15
Huston-Tillotson,DS/L,8,16,0
Huston-Tillotson,MB,1,0,9
Huston-Tillotson,DS/S,31,48,4
Huston-Tillotson,RS,0,0,0
Huston-Tillotson,S/RS,17,10,1
Huston-Tillotson,MB/RS,6,5,0
Huston-Tillotson,S,4,14,0
Huston-Tillotson,MB,6,5,1
Huston-Tillotson,OH/DS,29,38,4
Indiana East,DS/Pin,14,1,9
Indiana East,Pin,5,9,0
Indiana East,M,22,45,5
Indiana East,S,0,0,0
Indiana East,Pin,16,7,0
Indiana East,S,15,26,1
Indiana East,DS,0,0,0
Indiana East,Pin,52,10,24
Indiana East,S/Pin,47,35,1
Indiana East,Pin,77,17,58
Indiana East,Pin,20,9,12
Indiana East,DS,0,0,59
Indiana East,DS,0,0,19
Indiana East,M,61,42,2
Indiana Northwest,DS,0,0,9
Indiana Northwest,OH,20,7,7
Indiana Northwest,DS,0,0,0
Indiana Northwest,DS,0,0,21
Indiana Northwest,S,1,0,0
Indiana Northwest,DS,2,0,0
Indiana Northwest,MB,21,38,1
Indiana Northwest,RS,2,1,0
Indiana Northwest,DS,1,0,65
Indiana Northwest,OH,15,7,47
Indiana Northwest,MB,28,69,0
Indiana Northwest,S,12,15,1
Indiana Northwest,MB,44,22,3
Indiana Northwest,DS,1,0,1
Indiana Northwest,S,2,0,0
Indiana Northwest,OH,69,24,47
Indiana South Bend,DS,1,0,21
Indiana South Bend,DS,1,0,16
Indiana South Bend,DS,1,0,5
Indiana South Bend,OH,40,30,12
Indiana South Bend,S,11,16,0
Indiana South Bend,OH,32,23,3
Indiana South Bend,OH,31,23,0
Indiana South Bend,MH,0,10,0
Indiana South Bend,DS,0,0,32
Indiana South Bend,MH,69,48,1
Indiana South Bend,OH,2,7,0
Indiana South Bend,OH,43,23,34
Indiana South Bend,OH,0,0,0
Indiana South Bend,MH,2,0,0
Indiana South Bend,MH,34,46,1
Indiana South Bend,S,2,0,0
Indiana South Bend,MH,33,23,0
Indiana South Bend,MH,22,12,0
Indiana South Bend,OH,28,14,3
Indiana Southeast,RS,11,20,0
Indiana Southeast,S,2,0,0
Indiana Southeast,DS,0,0,49
Indiana Southeast,OH,6,0,1
Indiana Southeast,OH,44,35,14
Indiana Southeast,DS,0,0,39
Indiana Southeast,OH,56,24,29
Indiana Southeast,S,1,0,0
Indiana Southeast,MB,22,41,0
Indiana Southeast,S,4,8,0
Indiana Southeast,MB,27,42,0
Indiana Southeast,OH,62,18,57
Indiana Southeast,MB,25,30,6
Indiana Tech,S,1,0,0
Indiana Tech,OH,62,21,76
Indiana Tech,DS,11,7,0
Indiana Tech,S,7,0,0
Indiana Tech,DS,0,0,53
Indiana Tech,MB,33,46,0
Indiana Tech,DS,0,0,0
Indiana Tech,MB,37,53,0
Indiana Tech,OH,49,27,33
Indiana Tech,S,4,0,0
Indiana Tech,OH,22,25,0
Indiana Tech,RS,52,28,1
Indiana Tech,OH,18,25,0
Indiana Tech,DS,0,0,30
Indiana Tech,OH,8,7,2
Indiana Tech,OH,6,0,0
Indiana Tech,MB,8,17,0
Indiana Tech,OH,2,0,5
Indiana Wesleyan,DS/L,2,0,63
Indiana Wesleyan,S,5,0,0
Indiana Wesleyan,DS/L,0,0,33
Indiana Wesleyan,DS/L,0,0,20
Indiana Wesleyan,OH,21,5,0
Indiana Wesleyan,OH,62,17,24
Indiana Wesleyan,MH,32,39,0
Indiana Wesleyan,RS,33,38,1
Indiana Wesleyan,OH/RS,0,0,0
Indiana Wesleyan,MH,55,58,0
Indiana Wesleyan,S,5,11,0
Indiana Wesleyan,OH,7,4,0
Indiana Wesleyan,MH,16,32,0
Indiana Wesleyan,MH,31,41,0
Indiana Wesleyan,OH/RS,92,32,40
Indiana Wesleyan,DS/L,#VALUE!,#VALUE!,#VALUE!
Iowa Wesleyan,S,3,0,0
Iowa Wesleyan,S,0,0,0
Iowa Wesleyan,OH,0,0,12
Iowa Wesleyan,DS,0,0,43
Iowa Wesleyan,OH,11,5,0
Iowa Wesleyan,OH,3,3,1
Iowa Wesleyan,S,0,0,0
Iowa Wesleyan,OH,27,5,13
Iowa Wesleyan,MB,31,23,0
Iowa Wesleyan,OH,9,7,1
Iowa Wesleyan,MB,0,0,0
Iowa Wesleyan,OH,39,20,5
Iowa Wesleyan,S,34,12,19
Iowa Wesleyan,OH,3,0,0
Iowa Wesleyan,DS,2,0,16
Iowa Wesleyan,DS,0,0,61
Iowa Wesleyan,OH,23,12,22
Iowa Wesleyan,OH,23,25,1
Iowa Wesleyan,DS,0,0,10
Iowa Wesleyan,S,2,0,0
Iowa Wesleyan,DS,5,5,0
Iowa Wesleyan,MB,6,5,0
IU Kokomo,DS,0,0,31
IU Kokomo,DS,0,0,24
IU Kokomo,DS,0,0,42
IU Kokomo,S,5,2,0
IU Kokomo,RS,44,61,2
IU Kokomo,OH,45,35,11
IU Kokomo,MH,17,5,0
IU Kokomo,S,20,41,0
IU Kokomo,OH,31,15,5
IU Kokomo,MH,37,30,0
IU Kokomo,DS,0,0,27
IU Kokomo,MH,48,43,1
IU Kokomo,OH,15,17,0
IU Kokomo,OH,24,10,5
IU Kokomo,MH,29,45,0
IU Kokomo,MH,#VALUE!,#VALUE!,#VALUE!
IU Kokomo,OH,52,65,1
Jamestown,DS,5,15,1
Jamestown,OH,64,30,65
Jamestown,DS,0,0,50
Jamestown,MH,37,78,2
Jamestown,RS,37,33,0
Jamestown,OH,30,13,2
Jamestown,DS,0,0,5
Jamestown,S,1,0,0
Jamestown,MH,25,66,0
Jamestown,RS,12,6,0
Jamestown,MB,28,76,0
Jamestown,RS,59,44,1
Jamestown,S,0,0,0
Jamestown,OH,44,23,26
Jamestown,S,0,0,0
Jamestown,DS,0,0,0
Jamestown,OH/DS,0,0,44
Jamestown,MH,#VALUE!,#VALUE!,#VALUE!
Jarvis Christian,S,1,0,0
Jarvis Christian,OH/MB,54,20,2
Jarvis Christian,OH,49,12,3
Jarvis Christian,MB,11,30,0
Jarvis Christian,DS,0,0,4
Jarvis Christian,OH/MB,26,43,1
Jarvis Christian,L/DS,0,0,36
Jarvis Christian,OPP,43,53,0
Jarvis Christian,OPP,10,20,0
Jarvis Christian,DS/L,1,0,36
Jarvis Christian,OH/MB,17,32,0
Jarvis Christian,DS,1,0,37
Jarvis Christian,DS,0,0,34
Jarvis Christian,MB/OPP,26,18,1
Jarvis Christian,DS,0,2,3
Jarvis Christian,S,2,0,0
Jarvis Christian,OPP,2,2,0
Jessup,L,0,0,28
Jessup,S,0,0,0
Jessup,MB,6,16,0
Jessup,DS/L,2,0,58
Jessup,OH,67,28,52
Jessup,MB/OPP,2,0,0
Jessup,MB,27,53,0
Jessup,MB,2,12,0
Jessup,MB/PIN,40,42,2
Jessup,S,2,0,0
Jessup,DS,#VALUE!,#VALUE!,#VALUE!
Jessup,MB,8,63,0
Jessup,OH/OPP,7,3,0
Jessup,PIN,53,22,10
Jessup,PIN,24,30,1
Jessup,OH,#VALUE!,#VALUE!,#VALUE!
Jessup,OH,41,5,19
Jessup,S,3,0,4
Jessup,PIN,#VALUE!,#VALUE!,#VALUE!
John Brown,S,5,0,0
John Brown,OH,41,23,26
John Brown,OH,27,56,0
John Brown,S,1,0,0
John Brown,OH,2,0,31
John Brown,MB,24,56,0
John Brown,RS,14,28,0
John Brown,MB,36,25,0
John Brown,OH,29,23,1
John Brown,OH,20,2,0
John Brown,OH,74,30,46
John Brown,DS,0,0,89
John Brown,DS,0,0,4
John Brown,MB,21,33,0
John Brown,MB,43,51,0
Johnson (Tenn.),S,11,24,0
Johnson (Tenn.),OH/ RS,28,25,0
Johnson (Tenn.),L/DS,0,0,51
Johnson (Tenn.),S/RS,2,0,0
Johnson (Tenn.),OH/DS,33,21,11
Johnson (Tenn.),MB,0,0,0
Johnson (Tenn.),L/DS,#VALUE!,#VALUE!,#VALUE!
Johnson (Tenn.),OH,27,13,6
Johnson (Tenn.),OH,4,2,0
Johnson (Tenn.),M,30,41,0
Johnson (Tenn.),MH,46,65,0
Johnson (Tenn.),L/DS,0,0,35
Johnson (Tenn.),DS,0,0,0
Johnson (Tenn.),OH/DS,78,26,64
Johnson (Tenn.),OH,0,0,1
Johnson (Tenn.),MB/RS,0,0,42
Johnson (Tenn.),MH/RS,18,16,0
Johnson (Tenn.),S,22,20,0
Judson,OH,26,2,47
Judson,OH/DS,1,0,0
Judson,OPP,0,0,0
Judson,OH,10,0,10
Judson,OPP,58,20,66
Judson,S,3,5,0
Judson,OH,27,5,9
Judson,OPP,0,0,0
Judson,OPP,0,0,0
Judson,OPP/OH,48,10,45
Judson,OH/OPP,13,9,0
Judson,DS,1,0,54
Judson,S,3,7,0
Judson,MB,0,0,0
Judson,OPP,52,33,0
Judson,MB,10,0,0
Judson,MB,14,19,0
Kansas Wesleyan,DS,#VALUE!,#VALUE!,#VALUE!
Kansas Wesleyan,OH,5,0,0
Kansas Wesleyan,DS,0,0,0
Kansas Wesleyan,OH,6,1,46
Kansas Wesleyan,DS,0,1,65
Kansas Wesleyan,MB,20,0,0
Kansas Wesleyan,DS,10,0,0
Kansas Wesleyan,S,20,0,0
Kansas Wesleyan,DS,0,0,5
Kansas Wesleyan,MB,51,84,0
Kansas Wesleyan,MB,20,30,0
Kansas Wesleyan,OH,12,14,0
Kansas Wesleyan,S,1,0,12
Kansas Wesleyan,OH,14,12,0
Kansas Wesleyan,S,0,0,0
Kansas Wesleyan,OH,0,0,0
Kansas Wesleyan,DS,#VALUE!,#VALUE!,#VALUE!
Kansas Wesleyan,OH,44,25,51
Kansas Wesleyan,MB,14,45,1
Kansas Wesleyan,S,9,11,0
Kansas Wesleyan,OH,26,28,1
Kansas Wesleyan,OH,1,1,2
Kansas Wesleyan,S,#VALUE!,#VALUE!,#VALUE!
Kansas Wesleyan,OH,60,30,9
Kansas Wesleyan,OH,#VALUE!,#VALUE!,#VALUE!
Kansas Wesleyan,RS,63,33,1
Kansas Wesleyan,RS,11,6,0
Kansas Wesleyan,OH,#VALUE!,#VALUE!,#VALUE!
Kansas Wesleyan,MB,#VALUE!,#VALUE!,#VALUE!
Keiser,S,0,0,0
Keiser,OH,77,19,28
Keiser,OH,14,28,0
Keiser,DS/L,0,0,74
Keiser,DS,0,0,49
Keiser,OH/DS,62,14,12
Keiser,MB,19,48,0
Keiser,MB,8,30,0
Keiser,OH,24,15,0
Keiser,OH,41,30,9
Keiser,OH,17,9,35
Keiser,S,4,2,0
Keiser,MB,43,25,0
Keiser,S,21,23,1
Keiser,OH/DS,52,7,49
Keiser,MB,5,17,0
Keiser,MB,26,55,0
Keiser,S,2,0,0
Keiser,OH/DS,0,0,0
Keiser,DS/L,0,0,1
Keiser,OH,21,0,3
Kentucky Christian,DS,0,0,0
Kentucky Christian,DS,1,0,50
Kentucky Christian,S,0,0,0
Kentucky Christian,DS,4,0,0
Kentucky Christian,S,1,0,0
Kentucky Christian,S,13,19,10
Kentucky Christian,S,21,25,5
Kentucky Christian,DS,0,0,65
Kentucky Christian,OH,10,0,0
Kentucky Christian,OH,59,25,70
Kentucky Christian,OH,11,17,8
Kentucky Christian,DS,4,5,1
Kentucky Christian,MB,0,0,0
Kentucky Christian,MB,37,69,0
Kentucky Christian,MB,17,9,0
Kentucky Christian,DS,0,0,0
Kentucky Christian,MB,32,58,1
Kentucky Christian,S,44,20,16
Kentucky Christian,DS,0,0,1
La Sierra,DS/L,#VALUE!,#VALUE!,#VALUE!
La Sierra,S,5,0,0
La Sierra,OH,52,14,57
La Sierra,DS/L,0,0,4
La Sierra,RS/OH,23,20,1
La Sierra,DS/L,0,0,41
La Sierra,DS,0,0,0
La Sierra,OH,19,44,0
La Sierra,RS/OH,14,11,0
La Sierra,MB,30,42,0
La Sierra,S,5,0,0
La Sierra,OH,71,41,61
La Sierra,DS,1,0,24
La Sierra,RS/OH,8,13,0
La Sierra,OH,20,17,0
Lawrence Tech,OH,44,20,54
Lawrence Tech,OH,60,25,35
Lawrence Tech,MH,0,7,0
Lawrence Tech,MH,12,30,1
Lawrence Tech,OH,14,59,0
Lawrence Tech,MH,0,0,23
Lawrence Tech,DS,16,56,0
Lawrence Tech,OH,20,6,29
Lawrence Tech,S,44,35,2
Lawrence Tech,MH,1,0,37
Lawrence Tech,OH,48,33,18
Lawrence Tech,DS,4,5,1
Lawrence Tech,MH,18,20,0
Lewis-Clark State,OH,1,0,0
Lewis-Clark State,OH,13,0,0
Lewis-Clark State,L/DS,0,0,0
Lewis-Clark State,S,2,0,0
Lewis-Clark State,MB,13,29,0
Lewis-Clark State,OH,67,15,27
Lewis-Clark State,L/DS,0,0,65
Lewis-Clark State,OH,53,14,32
Lewis-Clark State,MB,30,70,0
Lewis-Clark State,MB,10,0,0
Lewis-Clark State,MB,11,20,0
Lewis-Clark State,L/DS,0,0,38
Lewis-Clark State,MB,20,53,0
Lewis-Clark State,RS,25,23,0
Lewis-Clark State,OH,26,21,6
Lewis-Clark State,S,0,2,0
Lewis-Clark State,L/DS,0,0,28
Lewis-Clark State,RS,50,46,0
Life,MB/RS,31,37,0
Life,S/DS,9,15,1
Life,MB,30,46,0
Life,S,5,5,0
Life,RS/OH,24,0,1
Life,OH,46,8,23
Life,DS,0,0,12
Life,RS,56,28,1
Life,DS,0,0,0
Life,MB,23,56,1
Life,UTL,12,19,0
Life,OH,38,14,23
Life,DS,0,0,34
Life,OH/OPP,38,20,10
Life,OH,0,0,0
Life,OH/RS,11,0,20
Life,OH,33,10,8
Life,MB,26,48,0
Life Pacific,LB,0,0,33
Life Pacific,S,0,0,0
Life Pacific,OH,37,18,23
Life Pacific,OH,34,39,1
Life Pacific,MB,14,51,0
Life Pacific,DS/LIB,0,0,34
Life Pacific,MB/OH,8,28,0
Life Pacific,OH,70,16,46
Life Pacific,S,1,0,0
Life Pacific,OH,49,34,0
Life Pacific,DS/LIB,0,0,1
Life Pacific,MB,28,51,1
Life Pacific,S,2,0,0
Life Pacific,S,8,1,0
Life Pacific,OH,25,17,0
Lindsey Wilson,DS,0,0,3
Lindsey Wilson,OH/RS,47,28,14
Lindsey Wilson,DS,0,0,33
Lindsey Wilson,S,2,0,0
Lindsey Wilson,S,12,24,0
Lindsey Wilson,OH,52,26,4
Lindsey Wilson,MH,43,43,2
Lindsey Wilson,OH,23,12,23
Lindsey Wilson,MH,45,58,1
Lindsey Wilson,DS,0,0,22
Lindsey Wilson,DS,35,28,20
Lindsey Wilson,S,0,0,41
Lindsey Wilson,OH,3,5,0
Lindsey Wilson,DS,34,23,0
Louisiana Christian,MB/OH,51,23,0
Louisiana Christian,MB/OH,45,12,1
Louisiana Christian,RS,55,30,26
Louisiana Christian,MB,27,48,0
Louisiana Christian,MB/OH,14,43,0
Louisiana Christian,S,2,0,2
Louisiana Christian,MB/RS,26,0,1
Louisiana Christian,MB/RS,27,14,4
Louisiana Christian,OH/OPP,34,20,5
Louisiana Christian,OH,52,13,24
Louisiana Christian,S,5,20,0
Louisiana Christian,OH,47,21,1
Louisiana Christian,MB,5,0,0
Louisiana Christian,S/DS,0,0,0
Louisiana Christian,S/DS,2,0,23
Louisiana Christian,MB/RS,20,14,0
Louisiana Christian,L,0,0,32
Lourdes,DS,0,0,66
Lourdes,OH,18,6,1
Lourdes,OH,13,23,1
Lourdes,S,4,17,0
Lourdes,S,1,4,0
Lourdes,OH,41,16,35
Lourdes,OH,33,10,13
Lourdes,OH,0,0,0
Lourdes,OH,35,22,9
Lourdes,OH,12,22,0
Lourdes,DS,0,0,0
Lourdes,MB,14,39,0
Lourdes,OH,#VALUE!,#VALUE!,#VALUE!
Lourdes,MB,24,16,0
Lourdes,MB,19,57,0
Lourdes,OH,31,19,14
Lourdes,DS,0,0,0
Lourdes,MB,26,59,0
Lourdes,MB,#VALUE!,#VALUE!,#VALUE!
Lourdes,OH,39,38,0
Lourdes,OH,57,33,62
Lourdes,OH,0,0,0
Loyola,MB,41,78,2
Loyola,S,5,1,1
Loyola,OH,40,17,61
Loyola,OH,50,24,54
Loyola,S,4,0,0
Loyola,MB,26,84,0
Loyola,OH/DS,29,15,9
Loyola,OH/DS,6,7,1
Loyola,OH,21,34,2
Loyola,RS/OH,30,34,0
Loyola,DS/L,0,3,3
Loyola,S,0,0,0
Loyola,OH/DS,9,5,0
Loyola,L/DS,1,0,56
Loyola,MB,49,60,2
Loyola,Opp/MB,19,25,1
Loyola,MB/Opp,15,60,0
Lyon,S,3,4,1
Lyon,OH,37,30,0
Lyon,DS,1,0,0
Lyon,DS,0,0,1
Lyon,DS,0,0,64
Lyon,DS,2,0,0
Lyon,OH,43,15,50
Lyon,DS,17,11,5
Lyon,MB,5,23,0
Lyon,OH,61,27,43
Lyon,OH,18,25,0
Lyon,MB,25,46,1
Lyon,S,2,0,0
Lyon,S,1,1,0
Lyon,OH,0,0,0
Madonna,MB/OH,48,61,8
Madonna,MB/OH,34,74,24
Madonna,DS,0,0,48
Madonna,OH,51,32,26
Madonna,OH/RS,30,37,11
Madonna,MB,33,43,0
Madonna,DS,0,0,0
Madonna,DS,4,0,0
Madonna,DS,0,0,12
Madonna,OH/RS,4,0,0
Madonna,S,2,0,0
Madonna,OH,44,32,20
Madonna,OH/RS,0,0,0
Madonna,MB/RS,0,0,14
Madonna,DS,0,0,0
Madonna,MB/OH,0,0,28
Madonna,S,0,0,0
Marian,MH,56,39,1
Marian,MH,23,94,0
Marian,OH,0,0,0
Marian,OH,17,14,7
Marian,MH,20,48,0
Marian,RS,53,38,0
Marian,OH,77,51,65
Marian,S/DS,2,0,0
Marian,OH,35,53,0
Marian,S,4,0,0
Marian,MH,32,76,1
Marian,DS/L,0,0,16
Marian,DS,0,0,6
Marian,OH,2,2,5
Marian,S,2,6,0
Marian,MH/RS,20,57,0
Marian,OH/RS,34,19,8
Marian,DS,0,0,44
Marian,DS,29,52,0
Marian,DS/L,#VALUE!,#VALUE!,#VALUE!
Mayville State,OH,35,23,37
Mayville State,MH,0,7,0
Mayville State,S,#VALUE!,#VALUE!,#VALUE!
Mayville State,DS,0,0,0
Mayville State,OH,41,24,1
Mayville State,DS,0,0,61
Mayville State,MH,17,51,0
Mayville State,DS,0,1,51
Mayville State,S,#VALUE!,#VALUE!,#VALUE!
Mayville State,S,6,0,0
Mayville State,S,#VALUE!,#VALUE!,#VALUE!
Mayville State,OH,#VALUE!,#VALUE!,#VALUE!
Mayville State,MH,17,61,0
Mayville State,OH,68,46,1
Mayville State,DS,#VALUE!,#VALUE!,#VALUE!
Mayville State,DS,#VALUE!,#VALUE!,#VALUE!
Mayville State,MH,43,67,0
Mayville State,DS,2,0,56
Mayville State,OPP,#VALUE!,#VALUE!,#VALUE!
Mayville State,OPP,4,14,0
Mayville State,OPP,23,14,48
Mayville State,OH,#VALUE!,#VALUE!,#VALUE!
Mayville State,S,#VALUE!,#VALUE!,#VALUE!
Mayville State,MH,#VALUE!,#VALUE!,#VALUE!
Mayville State,N/A,80,23,0
Mayville State,MH,5,17,0
Mayville State,OPP,#VALUE!,#VALUE!,#VALUE!
McPherson,DS,1,0,2
McPherson,S,16,7,1
McPherson,MB,20,7,19
McPherson,DS,31,45,0
McPherson,DS,0,0,45
McPherson,MH,0,0,0
McPherson,DS,47,35,0
McPherson,S,1,0,44
McPherson,RS,20,16,0
McPherson,OH,38,27,1
McPherson,OH,43,11,64
McPherson,S,15,5,1
McPherson,S,0,0,0
McPherson,S,0,0,0
McPherson,DS,#VALUE!,#VALUE!,#VALUE!
McPherson,OPP,0,0,0
McPherson,OPP,#VALUE!,#VALUE!,#VALUE!
McPherson,OH,16,21,1
McPherson,MB,0,0,0
Menlo,DS,0,0,6
Menlo,MB,5,30,0
Menlo,MB,14,26,0
Menlo,OH,46,18,51
Menlo,S,1,0,7
Menlo,MB,28,66,2
Menlo,LB,0,0,68
Menlo,S,6,1,0
Menlo,S,5,17,0
Menlo,S,0,0,0
Menlo,MB,31,48,1
Menlo,OH,44,21,47
Menlo,OH,37,36,2
Menlo,OH,3,0,5
Michigan-Dearborn,DS,0,0,27
Michigan-Dearborn,OH,6,3,11
Michigan-Dearborn,S/DS,0,0,39
Michigan-Dearborn,OH,7,17,0
Michigan-Dearborn,MB/RS,59,30,55
Michigan-Dearborn,DS,57,32,10
Michigan-Dearborn,MB,0,0,58
Michigan-Dearborn,MB,13,10,21
Michigan-Dearborn,MB/OH,39,70,0
Michigan-Dearborn,MB,40,94,0
Michigan-Dearborn,S,1,0,5
Mid-America Christian,OH,42,16,27
Mid-America Christian,DS,0,0,41
Mid-America Christian,MB,12,56,0
Mid-America Christian,OH,34,9,7
Mid-America Christian,S,59,34,1
Mid-America Christian,LB,1,0,78
Mid-America Christian,MB,35,38,1
Mid-America Christian,MB,51,35,0
Mid-America Christian,DS,0,0,6
Mid-America Christian,OH,39,20,24
Mid-America Christian,DS,0,0,47
Mid-America Christian,S,7,2,1
Mid-America Christian,MB,#VALUE!,#VALUE!,#VALUE!
MidAmerica Nazarene,OH,52,56,4
MidAmerica Nazarene,OH,57,32,36
MidAmerica Nazarene,S,9,12,0
MidAmerica Nazarene,MB,31,69,2
MidAmerica Nazarene,OH,0,0,39
MidAmerica Nazarene,S,25,28,0
MidAmerica Nazarene,MB,51,90,1
MidAmerica Nazarene,S,9,27,0
MidAmerica Nazarene,OH,54,33,56
MidAmerica Nazarene,DS,0,0,5
MidAmerica Nazarene,OH,0,0,37
MidAmerica Nazarene,RS,12,54,0
MidAmerica Nazarene,OH,0,0,3
MidAmerica Nazarene,S,0,0,0
MidAmerica Nazarene,RS,5,12,0
MidAmerica Nazarene,OH,0,0,0
MidAmerica Nazarene,OH,1,0,0
Middle Georgia State,N/A,6,7,5
Middle Georgia State,N/A,28,16,5
Middle Georgia State,N/A,8,23,10
Middle Georgia State,N/A,16,37,7
Middle Georgia State,N/A,3,2,20
Middle Georgia State,N/A,27,25,5
Middle Georgia State,N/A,18,17,18
Middle Georgia State,N/A,50,7,32
Middle Georgia State,N/A,42,53,18
Middle Georgia State,N/A,5,0,0
Midland,MB,20,69,0
Midland,S,0,0,0
Midland,OH,28,17,2
Midland,DS,0,0,0
Midland,S,12,28,0
Midland,OH,72,7,62
Midland,DS,0,0,0
Midland,MB,30,35,0
Midland,MB,10,12,0
Midland,RS,42,56,0
Midland,DS,0,0,0
Midland,OH,0,0,0
Midland,RS,32,16,42
Midland,MB,48,62,1
Midland,MB,29,60,0
Midland,DS,0,0,48
Midland,OH,20,0,0
Midland,RS,#VALUE!,#VALUE!,#VALUE!
Midland,OH,0,0,0
Midland,DS,47,20,16
Midland,MB,#VALUE!,#VALUE!,#VALUE!
Midland,OH,#VALUE!,#VALUE!,#VALUE!
Midland,MB,#VALUE!,#VALUE!,#VALUE!
Midland,DS,#VALUE!,#VALUE!,#VALUE!
Midland,DS,#VALUE!,#VALUE!,#VALUE!
Midland,DS,0,0,12
Midland,DS,#VALUE!,#VALUE!,#VALUE!
Midland,S,#VALUE!,#VALUE!,#VALUE!
Midway,RS,14,5,0
Midway,S,0,0,0
Midway,DS,0,0,9
Midway,S,1,0,0
Midway,OH,45,15,35
Midway,MH,2,14,0
Midway,MB,15,12,0
Midway,MB,25,47,0
Midway,DS,0,0,0
Midway,RS,32,47,2
Midway,RS,0,0,40
Midway,OH,#VALUE!,#VALUE!,#VALUE!
Midway,OH,6,2,4
Milligan,DS,1,0,52
Milligan,OH,10,9,36
Milligan,OH,32,10,0
Milligan,DS,0,0,28
Milligan,S,15,22,0
Milligan,MB,5,8,0
Milligan,MB,51,84,2
Milligan,RS,10,12,0
Milligan,MB,29,49,6
Milligan,RS/S,32,23,21
Milligan,DS,0,0,5
Milligan,DS,0,0,25
Milligan,OH,60,31,7
Missouri Baptist,LB,36,9,30
Missouri Baptist,LB,0,0,28
Missouri Baptist,S,3,9,0
Missouri Baptist,OH,47,16,45
Missouri Baptist,RS,30,25,6
Missouri Baptist,MB,41,38,0
Missouri Baptist,S,20,48,0
Missouri Baptist,OH,22,25,46
Missouri Baptist,RS,55,29,0
Missouri Baptist,DS,1,0,0
Missouri Baptist,MB,35,43,0
Missouri Baptist,MB,67,67,0
Missouri Baptist,S,0,0,0
Missouri Baptist,S,7,12,0
Missouri Baptist,DS,0,0,0
Missouri Baptist,OH,40,9,9
Missouri Baptist,MB,15,81,0
Missouri Baptist,MB,22,52,0
Missouri Valley,MB,30,44,5
Missouri Valley,MB,12,13,0
Missouri Valley,S,9,7,1
Missouri Valley,OH,0,0,1
Missouri Valley,MB,25,28,2
Missouri Valley,DS,0,0,57
Missouri Valley,S,1,14,0
Missouri Valley,OH,13,0,0
Missouri Valley,OPP,47,25,0
Missouri Valley,MB,11,19,0
Missouri Valley,OH,46,15,56
Missouri Valley,OPP,4,0,0
Missouri Valley,OH,41,12,47
Missouri Valley,OPP,16,27,1
Missouri Valley,LB,0,0,47
Missouri Valley,S,0,0,0
Missouri Valley,OH,49,15,32
Missouri Valley,OH,23,12,0
Mobile,OH,50,15,25
Mobile,OH,24,12,5
Mobile,S/OH,31,23,1
Mobile,L/DS,0,1,48
Mobile,DS/L,0,0,27
Mobile,OH,0,0,5
Mobile,DS/L,3,0,0
Mobile,S,37,38,2
Mobile,DS/L,0,0,2
Mobile,OH,49,25,60
Mobile,MB,21,7,0
Mobile,OH,0,0,0
Mobile,MB,14,43,0
Mobile,MB,29,52,2
Mobile,S,1,0,0
Mobile,MB,13,11,0
Mobile,DS/L,0,0,0
Mobile,DS/L,0,7,1
Mobile,JR,0,1,0
Mobile,DS/L,0,0,1
Mobile,MB,35,58,1
Montana State-Northern,DS/L,0,2,26
Montana State-Northern,DS/L,0,0,28
Montana State-Northern,MB,3,17,0
Montana State-Northern,OH/RS,49,43,0
Montana State-Northern,S,25,5,25
Montana State-Northern,OH,#VALUE!,#VALUE!,#VALUE!
Montana State-Northern,OH/DS,35,18,17
Montana State-Northern,DS,0,0,51
Montana State-Northern,OH/RS,56,14,23
Montana State-Northern,MB,47,64,6
Montana State-Northern,MB,9,10,0
Montana State-Northern,MB,16,45,1
Montana State-Northern,S,23,38,1
Montana Tech,DS,0,0,8
Montana Tech,OH,78,39,46
Montana Tech,MH,19,61,0
Montana Tech,OH,48,43,2
Montana Tech,S,0,0,26
Montana Tech,MB,5,11,4
Montana Tech,MH,44,84,0
Montana Tech,S,9,24,0
Montana Tech,LB,0,0,19
Montana Tech,MB,32,48,0
Montana Tech,LB,0,0,48
Montana Tech,S,2,10,0
Montana Tech,MB,3,12,0
Montana Tech,OH,34,14,7
Montana Tech,LB,0,0,50
Montana Tech,LB,0,0,0
Montana Tech,OH,7,28,0
Montana Western,DS,2,0,29
Montana Western,RS,0,0,0
Montana Western,LB,0,0,48
Montana Western,DS,0,0,1
Montana Western,OH,9,0,2
Montana Western,OH,51,21,48
Montana Western,MB,41,70,0
Montana Western,DS,0,0,1
Montana Western,OH,56,26,40
Montana Western,MB,38,65,0
Montana Western,MB,23,37,0
Montana Western,MB,31,38,0
Montana Western,S,0,0,5
Montana Western,OH,10,0,0
Montana Western,S,0,0,0
Montana Western,RS,30,38,0
Montana Western,LB,0,0,7
Montana Western,S,5,12,0
Montreat,OH,#VALUE!,#VALUE!,#VALUE!
Montreat,RS,#VALUE!,#VALUE!,#VALUE!
Montreat,OH,24,57,0
Montreat,DS,#VALUE!,#VALUE!,#VALUE!
Montreat,DS,0,0,11
Montreat,DS,0,0,50
Montreat,DS,#VALUE!,#VALUE!,#VALUE!
Montreat,RS,#VALUE!,#VALUE!,#VALUE!
Montreat,OH,71,12,48
Montreat,DS,0,0,74
Montreat,OH,#VALUE!,#VALUE!,#VALUE!
Montreat,S,2,0,0
Montreat,OH,27,48,0
Montreat,DS,#VALUE!,#VALUE!,#VALUE!
Montreat,OH,#VALUE!,#VALUE!,#VALUE!
Montreat,S,0,0,0
Montreat,DS,0,0,1
Montreat,OH,27,31,2
Montreat,OH,0,0,0
Montreat,RS,#VALUE!,#VALUE!,#VALUE!
Montreat,S,0,0,0
Montreat,OH,28,26,0
Montreat,MB,19,56,0
Montreat,S,2,5,0
Montreat,MB,#VALUE!,#VALUE!,#VALUE!
Montreat,S,#VALUE!,#VALUE!,#VALUE!
Montreat,OH,56,19,36
Montreat,DS,0,0,2
Morningside,DS,0,0,55
Morningside,OH,47,15,22
Morningside,DS,0,0,31
Morningside,MH,17,53,1
Morningside,S,13,25,0
Morningside,OH,0,0,0
Morningside,MH,23,53,2
Morningside,OH,77,25,71
Morningside,OH,#VALUE!,#VALUE!,#VALUE!
Morningside,S,1,0,16
Morningside,MH,10,19,0
Morningside,MH,0,0,0
Morningside,OPP,5,0,0
Morningside,OH,0,0,0
Morningside,S,6,0,0
Morningside,S,#VALUE!,#VALUE!,#VALUE!
Morningside,MH,0,17,0
Morningside,DS,#VALUE!,#VALUE!,#VALUE!
Morningside,OH,50,30,4
Morningside,DS,#VALUE!,#VALUE!,#VALUE!
Morningside,DS,0,0,8
Morningside,OH,8,7,1
Morningside,OH,16,2,22
Morningside,OH,#VALUE!,#VALUE!,#VALUE!
Morningside,OPP,6,0,0
Mount Marty,DS,0,0,38
Mount Marty,S,0,0,0
Mount Marty,DS,0,0,7
Mount Marty,DS,0,0,38
Mount Marty,OH,52,25,30
Mount Marty,DS,2,0,42
Mount Marty,S,4,2,1
Mount Marty,OH,46,13,0
Mount Marty,DS,0,35,0
Mount Marty,MH,46,33,2
Mount Marty,MH,12,42,0
Mount Marty,OH,25,15,12
Mount Marty,OH,#VALUE!,#VALUE!,#VALUE!
Mount Marty,OH,1,0,1
Mount Marty,DS,1,0,0
Mount Marty,MH,35,56,4
Mount Marty,S,0,0,0
Mount Marty,OH,18,30,3
Mount Marty,RS,14,16,4
Mount Marty,S,#VALUE!,#VALUE!,#VALUE!
Mount Marty,OH,#VALUE!,#VALUE!,#VALUE!
Mount Mercy,DS,0,0,7
Mount Mercy,DS,0,0,0
Mount Mercy,DS,0,0,52
Mount Mercy,OH,4,19,0
Mount Mercy,OH,61,24,46
Mount Mercy,MB,41,27,38
Mount Mercy,OPP,15,10,18
Mount Mercy,OH,20,0,0
Mount Mercy,OH,49,56,2
Mount Mercy,MB/OPP,#VALUE!,#VALUE!,#VALUE!
Mount Mercy,S,#VALUE!,#VALUE!,#VALUE!
Mount Mercy,OPP,26,12,13
Multnomah,OH,25,17,0
Multnomah,S,2,2,1
Multnomah,DS,3,0,0
Multnomah,OH,44,17,42
Multnomah,OH,30,12,22
Multnomah,S,0,0,0
Multnomah,S,0,0,0
Multnomah,MB,10,35,0
Multnomah,DS,0,0,38
Multnomah,OH,34,33,0
Multnomah,MB,13,41,0
Multnomah,DS,0,0,2
Multnomah,DS,0,0,0
Multnomah,MB,9,34,0
Multnomah,LB,0,0,8
Multnomah,OH,6,2,37
Multnomah,S,#VALUE!,#VALUE!,#VALUE!
Northwest (WA),OH,46,19,3
Northwest (WA),OH,15,4,63
Northwest (WA),K,0,0,0
Northwest (WA),S,0,0,0
Northwest (WA),DS/L,0,0,53
Northwest (WA),DS/L,0,0,17
Northwest (WA),S,0,0,0
Northwest (WA),OH,12,14,0
Northwest (WA),S,3,9,0
Northwest (WA),MB,22,41,0
Northwest (WA),MB,61,57,2
Northwest (WA),OH/MB,0,0,0
Northwest (WA),OH,4,0,0
Northwest (WA),DS/L,0,0,60
Northwest (WA),MB,26,26,1
Northwest (WA),OH,45,12,3
Northwest (WA),OH,34,41,3
Northwest (WA),MB,5,22,0
Northwest (WA),MB,26,48,0
Northwestern,DS,0,0,1
Northwestern,DS,0,0,12
Northwestern,S,1,0,0
Northwestern,DS,0,0,37
Northwestern,DS,0,0,0
Northwestern,RS,19,40,0
Northwestern,DS,0,0,17
Northwestern,RS,#VALUE!,#VALUE!,#VALUE!
Northwestern,S,8,23,0
Northwestern,OH,24,15,0
Northwestern,OH,71,13,44
Northwestern,S,0,0,0
Northwestern,OH,72,42,63
Northwestern,MH,32,71,2
Northwestern,MH,6,0,0
Northwestern,RS,17,62,1
Northwestern,MH,55,96,3
Northwestern,MH,3,55,0
Northwestern,RS,12,43,0
Oakland City,DS,0,0,29
Oakland City,DS,0,0,32
Oakland City,DS,1,0,40
Oakland City,OH,36,28,22
Oakland City,OH,#VALUE!,#VALUE!,#VALUE!
Oakland City,DS,46,7,30
Oakland City,S,36,14,7
Oakland City,S,4,0,1
Oakland City,MH,17,23,1
Oakland City,MH,38,50,0
Oakland City,S,8,11,0
Oakland City,MH,21,38,1
Oakland City,MH,6,15,0
Oakwood,Libero/Settr,#VALUE!,#VALUE!,#VALUE!
Oakwood,RS/MH,#VALUE!,#VALUE!,#VALUE!
Oakwood,Setter,#VALUE!,#VALUE!,#VALUE!
Oakwood,Libero,#VALUE!,#VALUE!,#VALUE!
Oakwood,OH,#VALUE!,#VALUE!,#VALUE!
Oakwood,OH,#VALUE!,#VALUE!,#VALUE!
Oakwood,OH,#VALUE!,#VALUE!,#VALUE!
Oakwood,OH,#VALUE!,#VALUE!,#VALUE!
Oakwood,RS/MH,#VALUE!,#VALUE!,#VALUE!
Oakwood,Libero,#VALUE!,#VALUE!,#VALUE!
Oakwood,MB,#VALUE!,#VALUE!,#VALUE!
Ohio Christian,DS,0,0,55
Ohio Christian,S,4,6,0
Ohio Christian,DS,2,0,24
Ohio Christian,MB,0,0,0
Ohio Christian,MB,61,47,3
Ohio Christian,OH/DS,17,53,0
Ohio Christian,DS,33,8,23
Ohio Christian,OH/DS,1,0,48
Ohio Christian,OH/RS,37,11,34
Ohio Christian,DS,31,27,1
Ohio Christian,RS/S,3,12,0
Ohio Christian,OH/RS,23,30,0
Ohio Christian,DS,7,8,0
Ohio Christian,DS,19,30,0
Ohio Christian,MB,4,0,23
Ohio Christian,S,0,0,0
Oklahoma City,MB/OH,13,17,0
Oklahoma City,DS/Libero,0,0,64
Oklahoma City,MB/OH,26,34,0
Oklahoma City,S,0,0,0
Oklahoma City,DS/Libero,0,0,0
Oklahoma City,OH,19,36,11
Oklahoma City,OH,2,0,5
Oklahoma City,MB,56,48,69
Oklahoma City,S,7,1,1
Oklahoma City,OH/RSH,35,27,25
Oklahoma City,OH/RSH,5,6,38
Oklahoma City,OH/RSH,19,23,0
Oklahoma City,MB,43,80,0
Oklahoma City,OH,41,46,0
Oklahoma Panhandle State,LB,0,0,32
Oklahoma Panhandle State,S,0,0,0
Oklahoma Panhandle State,LB,4,14,0
Oklahoma Panhandle State,S,0,0,0
Oklahoma Panhandle State,OH,32,14,29
Oklahoma Panhandle State,OH,43,34,32
Oklahoma Panhandle State,MB,17,28,0
Oklahoma Panhandle State,S,11,6,0
Oklahoma Panhandle State,MB,10,41,0
Oklahoma Panhandle State,LB,0,0,48
Oklahoma Panhandle State,OH,30,20,0
Oklahoma Panhandle State,MB,19,64,0
Oklahoma Panhandle State,S,0,0,0
Oklahoma Panhandle State,MH,40,27,0
Oklahoma Panhandle State,DS,0,0,0
Oklahoma Panhandle State,S,1,1,0
Oklahoma Panhandle State,MB,35,34,0
Oklahoma Panhandle State,OH,65,22,54
Oklahoma Panhandle State,LB,#VALUE!,#VALUE!,#VALUE!
Oklahoma Wesleyan,LB,0,0,74
Oklahoma Wesleyan,"S, OPP",13,5,3
Oklahoma Wesleyan,OH,43,21,18
Oklahoma Wesleyan,MB,30,17,0
Oklahoma Wesleyan,S,1,0,1
Oklahoma Wesleyan,DS/L,0,0,50
Oklahoma Wesleyan,OH,5,0,0
Oklahoma Wesleyan,OPP,48,33,0
Oklahoma Wesleyan,MB,0,0,32
Oklahoma Wesleyan,S,28,66,0
Oklahoma Wesleyan,OPP,17,28,1
Oklahoma Wesleyan,OH,24,66,0
Olivet Nazarene,S/DS,5,0,0
Olivet Nazarene,OH/OPP,22,9,16
Olivet Nazarene,S,3,10,0
Olivet Nazarene,DS/L,0,0,27
Olivet Nazarene,DS/OH,5,0,1
Olivet Nazarene,OPP,19,17,0
Olivet Nazarene,S,0,0,0
Olivet Nazarene,MB,4,17,0
Olivet Nazarene,S,0,0,0
Olivet Nazarene,OH,27,17,38
Olivet Nazarene,DS,0,0,57
Olivet Nazarene,OH,59,16,51
Olivet Nazarene,MB,32,48,1
Olivet Nazarene,S/DS,0,0,3
Olivet Nazarene,OPP,22,30,0
Olivet Nazarene,OPP,36,28,0
Olivet Nazarene,OPP?OH,8,20,0
Olivet Nazarene,MB,25,53,1
Oregon Tech,DS,0,0,65
Oregon Tech,DS,2,0,2
Oregon Tech,S,0,0,1
Oregon Tech,DS,0,0,41
Oregon Tech,DS,0,0,4
Oregon Tech,OH,76,18,36
Oregon Tech,OH,57,17,15
Oregon Tech,S,9,15,0
Oregon Tech,S,2,7,0
Oregon Tech,OH,22,23,0
Oregon Tech,OH,41,24,12
Oregon Tech,MB,19,53,0
Oregon Tech,MB,37,48,0
Oregon Tech,MB,12,28,0
Oregon Tech,OH,32,19,12
OUAZ,LB,0,0,12
OUAZ,LB,1,1,9
OUAZ,OH,20,15,7
OUAZ,LB,0,0,0
OUAZ,LB,0,0,32
OUAZ,LB,0,0,14
OUAZ,S,0,0,0
OUAZ,OH,21,6,1
OUAZ,S,9,15,0
OUAZ,RS,10,0,0
OUAZ,OH,66,23,58
OUAZ,LB,0,0,55
OUAZ,OH,31,27,1
OUAZ,OH,52,28,2
OUAZ,LB,0,0,1
OUAZ,MB,23,56,0
OUAZ,S,3,0,0
OUAZ,OH,39,23,8
OUAZ,S,0,0,0
OUAZ,RS,20,15,0
OUAZ,MB,28,68,0
OUAZ,MB,17,41,0
OUAZ,LB,0,0,0
Our Lady of the Lake,DS,0,0,13
Our Lady of the Lake,S,11,15,1
Our Lady of the Lake,DS,#VALUE!,#VALUE!,#VALUE!
Our Lady of the Lake,L,0,0,32
Our Lady of the Lake,S,8,7,0
Our Lady of the Lake,M/OH,#VALUE!,#VALUE!,#VALUE!
Our Lady of the Lake,OH,26,40,0
Our Lady of the Lake,M,#VALUE!,#VALUE!,#VALUE!
Our Lady of the Lake,OH/DS,20,0,0
Our Lady of the Lake,M,27,56,1
Our Lady of the Lake,OH,46,23,27
Our Lady of the Lake,RS,#VALUE!,#VALUE!,#VALUE!
Our Lady of the Lake,OH,45,23,3
Our Lady of the Lake,DS,0,0,28
Our Lady of the Lake,M/OH,20,0,0
Our Lady of the Lake,S,#VALUE!,#VALUE!,#VALUE!
Our Lady of the Lake,OH,65,38,33
Our Lady of the Lake,OH/DS,#VALUE!,#VALUE!,#VALUE!
Our Lady of the Lake,DS/OH,1,0,4
Our Lady of the Lake,DS,1,0,3
Our Lady of the Lake,M/RS,27,63,0
Our Lady of the Lake,M,28,10,0
Pacific Union,OH/DS,8,7,0
Pacific Union,MB,0,0,0
Pacific Union,DS,0,0,36
Pacific Union,MB,47,44,3
Pacific Union,OH,26,6,23
Pacific Union,S,1,0,20
Pacific Union,MB,30,31,16
Pacific Union,M/OH,14,23,0
Pacific Union,OH,36,11,19
Pacific Union,S,4,10,1
Pacific Union,DS,0,0,14
Pacific Union,DS,0,1,21
Pacific Union,OPP,20,0,0
Pacific Union,M,15,3,1
Pacific Union,MB,10,0,0
Park,OPP/MB,8,21,0
Park,OH/OPP,3,1,2
Park,MB,6,23,0
Park,S,4,8,0
Park,LB,0,0,20
Park,Opp,60,66,3
Park,S,10,15,0
Park,OH,58,38,2
Park,OH,62,29,56
Park,OH,0,0,17
Park,LB,#VALUE!,#VALUE!,#VALUE!
Park,OH/OPP,21,5,4
Park,MB,7,17,0
Park,OH,60,20,22
Park,MB,18,56,0
Park,MB,28,49,0
Park,S,1,6,0
Park,OH,#VALUE!,#VALUE!,#VALUE!
Park,S/OPP,0,0,0
Park,LB,11,3,49
Park- Gilbert,LB,0,0,0
Park- Gilbert,S,9,0,0
Park- Gilbert,L/DS,0,0,0
Park- Gilbert,OH,20,0,2
Park- Gilbert,LB,0,0,0
Park- Gilbert,S,8,0,0
Park- Gilbert,OH,75,18,26
Park- Gilbert,MB,30,29,0
Park- Gilbert,MB,39,52,2
Park- Gilbert,OPP,43,35,0
Park- Gilbert,OPP,9,0,0
Park- Gilbert,OH,24,48,0
Park- Gilbert,OPP,#VALUE!,#VALUE!,#VALUE!
Park- Gilbert,S,1,0,0
Park- Gilbert,L,0,0,51
Park- Gilbert,OPP,20,14,0
Park- Gilbert,MB,#VALUE!,#VALUE!,#VALUE!
Park- Gilbert,S,#VALUE!,#VALUE!,#VALUE!
Park- Gilbert,S,0,0,0
Park- Gilbert,OH/OPP,34,27,16
Park- Gilbert,OPP,20,0,0
Park- Gilbert,OPP/OH,#VALUE!,#VALUE!,#VALUE!
Park- Gilbert,OH,0,10,0
Park- Gilbert,OH,4,2,28
Park- Gilbert,OH,#VALUE!,#VALUE!,#VALUE!
Park- Gilbert,MB,29,48,0
Park- Gilbert,OPP,40,21,0
Park- Gilbert,LB,#VALUE!,#VALUE!,#VALUE!
Park- Gilbert,MB,#VALUE!,#VALUE!,#VALUE!
Park- Gilbert,MB,#VALUE!,#VALUE!,#VALUE!
Park- Gilbert,OPP,#VALUE!,#VALUE!,#VALUE!
Park- Gilbert,OH,47,28,75
Paul Quinn,DS-LB,2,0,34
Paul Quinn,S,6,9,1
Paul Quinn,RS-MB,4,10,0
Paul Quinn,DS-LB,1,4,5
Paul Quinn,S,0,12,25
Paul Quinn,MB-OH-RSH,27,53,3
Paul Quinn,OH-DS,47,23,1
Paul Quinn,S,0,0,5
Paul Quinn,RS-MB,2,20,0
Paul Quinn,S,0,10,0
Paul Quinn,S,12,25,6
Paul Quinn,MB,3,35,0
Paul Quinn,RS-OH,37,74,2
Paul Quinn,OH,39,28,4
Peru State,MB,11,9,0
Peru State,DS,0,0,51
Peru State,OH,24,22,6
Peru State,RS,0,23,0
Peru State,OH,30,7,6
Peru State,DS,0,0,0
Peru State,RS,22,15,0
Peru State,S,2,2,0
Peru State,RS,12,0,0
Peru State,OH,#VALUE!,#VALUE!,#VALUE!
Peru State,OH/RS,6,0,0
Peru State,MB,0,0,0
Peru State,MB,29,29,0
Peru State,S/RS,0,0,0
Peru State,OH,0,0,0
Peru State,DS,#VALUE!,#VALUE!,#VALUE!
Peru State,DS,0,0,9
Peru State,MB,0,0,0
Peru State,S,0,0,0
Peru State,S,0,0,0
Peru State,OH,39,17,29
Peru State,MB,0,0,0
Peru State,DS,1,0,32
Peru State,DS,0,0,0
Peru State,DS,0,0,39
Peru State,S,38,5,1
Peru State,OH,47,10,29
Peru State,RS,16,14,0
Pikeville,DS,0,2,29
Pikeville,DS,28,7,8
Pikeville,OH,29,36,0
Pikeville,MH,22,44,0
Pikeville,DS,0,0,52
Pikeville,DS,0,0,0
Pikeville,OH,0,0,0
Pikeville,DS,0,23,0
Pikeville,RS,24,15,2
Pikeville,MH,22,52,2
Pikeville,DS,0,0,0
Pikeville,DS,4,0,1
Pikeville,RS,19,15,1
Pikeville,RS,13,6,12
Pikeville,RS,4,0,0
Pikeville,OH,28,8,8
Pikeville,DS,0,0,21
Pikeville,DS,3,0,45
Pikeville,DS,0,0,0
Pikeville,DS,#VALUE!,#VALUE!,#VALUE!
Point,L/DS,1,0,56
Point,MB,39,46,0
Point,DS/L,0,0,0
Point,OH,42,23,3
Point,OH,9,0,0
Point,RS,4,0,1
Point,OH/DS,36,29,0
Point,DS/L,37,23,1
Point,MB,26,4,40
Point,RS/OH,0,0,17
Point,OH,14,41,0
Point,S,9,5,0
Point,DS,4,0,32
Point,OH,58,15,15
Point,OH/MB,1,0,0
Point Park,S,1,0,0
Point Park,DS,0,0,3
Point Park,MH,35,74,1
Point Park,DS,0,0,7
Point Park,RS,36,31,0
Point Park,S,7,10,0
Point Park,DS,1,0,50
Point Park,DS,0,0,0
Point Park,DS,0,0,33
Point Park,OH,48,22,11
Point Park,OH,17,24,0
Point Park,DS,0,0,13
Point Park,OH,62,22,11
Point Park,OH,0,0,0
Point Park,OH,80,28,44
Point Park,MH,0,0,0
Point Park,DS,0,48,0
Point Park,S,2,7,0
Point Park,MH,19,43,1
Presentation,S,33,17,28
Presentation,DS,0,0,45
Presentation,OH,0,0,0
Presentation,DS,0,0,0
Presentation,DS,0,0,45
Presentation,MH,8,40,0
Presentation,RS,#VALUE!,#VALUE!,#VALUE!
Presentation,RS,22,29,1
Presentation,OH,81,30,68
Presentation,MH,50,81,0
Presentation,S,0,2,0
Presentation,OH,40,37,20
Presentation,OH,#VALUE!,#VALUE!,#VALUE!
Presentation,S,2,0,0
Presentation,OH,0,0,1
Presentation,MH,9,14,0
Providence (Mont.),DS/L,0,0,65
Providence (Mont.),S/DS,0,0,22
Providence (Mont.),S,2,27,1
Providence (Mont.),S,1,2,0
Providence (Mont.),OH,17,8,1
Providence (Mont.),OH,56,33,57
Providence (Mont.),RS,3,0,0
Providence (Mont.),OH/RS,29,20,18
Providence (Mont.),RS,32,32,0
Providence (Mont.),MB,36,84,0
Providence (Mont.),OH/RS,0,0,0
Providence (Mont.),RS,14,20,0
Providence (Mont.),DS,6,0,0
Providence (Mont.),RS,0,0,0
Providence (Mont.),MB,0,0,0
Providence (Mont.),OH,8,79,0
Providence (Mont.),MB,17,31,0
Providence (Mont.),OH,30,35,1
Providence (Mont.),DS,1,0,0
Providence (Mont.),OH,32,8,50
Providence (Mont.),S,0,0,0
Providence (Mont.),DS,0,0,0
Providence (Mont.),S,0,0,0
Providence (Mont.),DS,0,0,0
Providence Christian,OH,0,0,4
Providence Christian,OH,40,10,5
Providence Christian,MB,13,0,0
Providence Christian,MB/OH,54,51,0
Providence Christian,OPP,2,0,2
Providence Christian,OH,17,10,3
Providence Christian,MB,25,30,0
Providence Christian,S,0,0,0
Providence Christian,S,0,0,0
Providence Christian,OH,#VALUE!,#VALUE!,#VALUE!
Providence Christian,RS,8,10,0
Providence Christian,MB,20,48,0
Reinhardt,S,#VALUE!,#VALUE!,#VALUE!
Reinhardt,OH,14,0,0
Reinhardt,OH,0,0,0
Reinhardt,L/DS,0,0,43
Reinhardt,MH,25,36,1
Reinhardt,OH,43,22,5
Reinhardt,DS,1,0,71
Reinhardt,S,2,0,0
Reinhardt,DS,0,0,7
Reinhardt,MB,21,28,0
Reinhardt,OH,1,1,4
Reinhardt,S,24,27,1
Reinhardt,RS,48,32,0
Reinhardt,RH,#VALUE!,#VALUE!,#VALUE!
Reinhardt,MH,33,65,0
Reinhardt,DS,#VALUE!,#VALUE!,#VALUE!
Reinhardt,MB,16,0,0
Reinhardt,OH/RS,51,17,22
Reinhardt,DS,#VALUE!,#VALUE!,#VALUE!
Reinhardt,DS,0,0,0
Reinhardt,OH,12,19,0
Reinhardt,MH,26,55,0
Reinhardt,DS,0,0,54
Reinhardt,S,1,0,0
Reinhardt,OH,5,1,5
Rio Grande,OH/RS,0,0,33
Rio Grande,OPP,2,23,0
Rochester,Libero,1,0,69
Rochester,MB,24,33,49
Rochester,S,30,12,24
Rochester,OH,3,7,1
Rochester,MB,1,0,21
Rochester,DS,4,0,0
Rochester,MH,1,0,0
Rochester,OH,4,0,0
Rocky Mountain,LB,0,0,47
Rocky Mountain,S,6,10,1
Rocky Mountain,RS,49,27,25
Rocky Mountain,DS,0,0,0
Rocky Mountain,DS,0,0,40
Rocky Mountain,OH,55,25,34
Rocky Mountain,S,0,0,4
Rocky Mountain,MB,0,0,0
Rocky Mountain,OH,4,0,0
Rocky Mountain,OH,40,57,1
Rocky Mountain,OH,0,0,0
Rocky Mountain,S,2,0,0
Rocky Mountain,MB,40,38,0
Rocky Mountain,DS,0,0,0
Rocky Mountain,DS,0,0,49
Rocky Mountain,MB,0,0,0
Rocky Mountain,OH,3,1,26
Rocky Mountain,MB,43,78,1
Rocky Mountain,S,0,0,0
Rocky Mountain,MB,20,71,0
Roosevelt,MB,26,51,1
Roosevelt,OH,49,21,51
Roosevelt,OH,1,3,0
Roosevelt,MB,17,40,1
Roosevelt,OH,34,18,37
Roosevelt,Mb,25,48,0
Roosevelt,OH,21,11,4
Roosevelt,OPP,28,30,9
Roosevelt,DS,0,0,1
Roosevelt,S,35,23,2
Roosevelt,DS,0,0,2
Roosevelt,S,0,0,12
Roosevelt,OPP,6,23,0
Roosevelt,OH,0,0,40
Roosevelt,DS,0,0,36
Roosevelt,S,0,0,0
Rust,DS,0,0,2
Rust,OH,55,20,23
Rust,OH,6,5,9
Rust,OH,0,0,0
Rust,S,1,0,0
Rust,DS,1,4,28
Rust,OH,10,14,0
Rust,S,2,20,0
Rust,MB,31,9,0
Rust,MB,8,2,1
SAGU,DS,1,0,36
SAGU,DS,0,0,0
SAGU,Setter,16,36,0
SAGU,OH,65,31,24
SAGU,OPP,39,20,0
SAGU,Setter,0,0,0
SAGU,OPP,2,10,0
SAGU,L,0,0,33
SAGU,MH,60,77,1
SAGU,MH,18,48,0
SAGU,MH,26,56,0
SAGU,DS,1,0,2
SAGU,DS,0,0,1
SAGU,OH,40,19,16
SAGU,DS,0,0,21
SAGU,Setter,0,0,40
SAGU,OPP,5,0,0
SAGU,MH,30,65,0
Saint Francis (Ind.),DS/L,4,0,0
Saint Francis (Ind.),MH,13,11,12
Saint Francis (Ind.),OH,0,0,50
Saint Katherine,OH,18,14,4
Saint Katherine,L,0,0,4
Saint Katherine,S,0,0,0
Saint Katherine,OH,70,30,21
Saint Katherine,L,36,19,68
Saint Katherine,L,1,0,64
Saint Katherine,L,0,0,12
Saint Katherine,OH,9,8,0
Saint Katherine,MB,16,59,0
Saint Katherine,S,0,1,0
Saint Katherine,OH,0,12,1
Saint Katherine,MB,32,71,1
Saint Katherine,OH,50,55,0
Saint Katherine,MB,14,56,0
Saint Katherine,OH,29,17,0
Saint Katherine,OH,21,28,2
Saint Katherine,S,0,0,0
Saint Katherine,DS,0,0,0
Saint Katherine,S,0,0,44
Saint Mary,OH,26,30,7
Saint Mary,S,0,0,0
Saint Mary,DS,0,0,44
Saint Mary,OH/ M,39,52,0
Saint Mary,OH,44,19,17
Saint Mary,S,0,2,0
Saint Mary,RS/ OH,52,14,11
Saint Mary,OH/ S,0,0,0
Saint Mary,M,#VALUE!,#VALUE!,#VALUE!
Saint Mary,RS,0,15,0
Saint Mary,DS,1,0,6
Saint Mary,OH,19,24,0
Saint Mary,M,20,36,0
Saint Mary,OH,54,27,28
Saint Mary,OH,20,0,1
Saint Mary,DS,0,0,10
Saint Mary,DS/ S,0,0,54
Saint Mary,S,2,0,0
Saint Mary,M,30,35,1
Saint Mary,S,1,4,0
Saint Mary,S,1,0,0
Saint Mary,OH,1,0,34
Saint Mary,OH,#VALUE!,#VALUE!,#VALUE!
Saint Mary,M,#VALUE!,#VALUE!,#VALUE!
Saint Mary,RS,0,0,0
Saint Mary,OH,0,0,0
Saint Mary,OH,17,5,5
Saint Mary,S,0,0,0
Saint Mary,S,0,0,0
Saint Mary,DS,0,0,1
Saint Xavier,OH,78,15,63
Saint Xavier,S,1,0,3
Saint Xavier,OH,2,0,1
Saint Xavier,OH,0,0,0
Saint Xavier,MB,37,43,5
Saint Xavier,DS,31,11,64
Saint Xavier,OH,0,0,0
Saint Xavier,MB,48,47,5
Saint Xavier,MB,17,23,0
Saint Xavier,S,9,11,2
Saint Xavier,OH,51,35,2
Saint Xavier,S,2,4,1
Saint Xavier,S,0,0,0
Saint Xavier,MB,10,16,0
Saint Xavier,RS,21,3,1
Saint Xavier,LB,0,0,47
San Diego Christian,LB,#VALUE!,#VALUE!,#VALUE!
Science and Arts,OH,6,4,7
Science and Arts,DS,0,0,13
Science and Arts,DS,0,0,47
Science and Arts,S,2,4,0
Science and Arts,OH,24,7,17
Science and Arts,DS,0,0,29
Science and Arts,MB,20,57,0
Science and Arts,DS,0,0,5
Science and Arts,MB,25,34,4
Science and Arts,OH,59,23,50
Science and Arts,MB,22,41,0
Science and Arts,S,0,0,0
Science and Arts,MB,10,0,0
Science and Arts,RS,35,41,2
Shawnee State,S,1,0,0
Shawnee State,RS,30,66,0
Shawnee State,DS,0,0,0
Shawnee State,OH / DS,0,0,33
Shawnee State,S,0,0,0
Shawnee State,DS,1,0,25
Shawnee State,OH,11,0,0
Shawnee State,DS,73,25,33
Shawnee State,OH,1,0,35
Shawnee State,OH,31,26,9
Shawnee State,OH,16,25,0
Shawnee State,MH,35,33,1
Shawnee State,S,24,35,0
Shawnee State,MH,0,0,0
Shawnee State,S,36,55,1
Shawnee State,MH,1,0,0
Shawnee State,DS,20,37,0
Siena Heights,OH,#VALUE!,#VALUE!,#VALUE!
Siena Heights,OH,2,0,32
Siena Heights,S,0,0,0
Siena Heights,OH,8,10,0
Siena Heights,OH,42,25,41
Siena Heights,OH,60,21,69
Siena Heights,MB,50,84,2
Siena Heights,MB,11,20,0
Siena Heights,L,0,0,3
Siena Heights,RS,12,35,0
Siena Heights,S,18,33,0
Siena Heights,MB,43,50,1
Siena Heights,16,10,23,0
Siena Heights,DS/L,1,0,51
Siena Heights,OH,31,25,9
Siena Heights,OH,13,7,1
Siena Heights,MB,16,14,0
Siena Heights,S,0,0,0
Simpson,OH,55,15,25
Simpson,S,0,0,0
Simpson,S,1,1,0
Simpson,LB,0,0,2
Simpson,OH,5,10,0
Simpson,MH,9,43,0
Simpson,LB,0,0,21
Simpson,OH,29,29,2
Simpson,OH,38,30,2
Simpson,OH,2,0,3
Simpson,OH,32,13,47
Simpson,S,0,0,0
Simpson,MH,2,10,0
Simpson,S,0,3,0
Simpson,RS,34,30,40
Simpson,MH,#VALUE!,#VALUE!,#VALUE!
Simpson,OH,1,0,2
Southeastern,MB,32,46,3
Southeastern,RS,53,22,62
Southeastern,OH,42,10,22
Southeastern,S,1,0,0
Southeastern,DS,0,0,49
Southeastern,RS,27,34,2
Southeastern,S,1,0,0
Southeastern,RS,44,27,2
Southeastern,S,4,0,0
Southeastern,OH,#VALUE!,#VALUE!,#VALUE!
Southeastern,RS,55,19,0
Southeastern,MB,12,25,0
Southeastern,RS,5,5,0
Southeastern,DS,0,0,7
Southeastern,OH,29,12,5
Southeastern,DS,5,6,22
Southeastern,MB,0,0,0
Southeastern,DS,#VALUE!,#VALUE!,#VALUE!
Southern Oregon,DS,0,0,62
Southern Oregon,DS,0,0,27
Southern Oregon,OH,33,41,4
Southern Oregon,RS,36,31,0
Southern Oregon,MB,33,88,0
Southern Oregon,MB,3,16,0
Southern Oregon,OH,64,18,31
Southern Oregon,S,1,0,0
Southern Oregon,S,0,0,0
Southern Oregon,MB,26,69,0
Southern Oregon,MB,8,30,0
Southern Oregon,S,6,7,0
Southern Oregon,DS,0,0,37
Southern Oregon,OH,20,33,2
Southern Oregon,OH,39,40,0
Southern Oregon,OH,65,30,13
Southwest,DS,0,2,11
Southwest,OH,46,11,17
Southwest,MB,0,0,0
Southwest,DS,5,1,21
Southwest,Opp,20,25,0
Southwest,MB,23,25,1
Southwest,S,1,2,0
Southwest,MB,13,28,0
Southwest,DS,6,0,0
Southwest,DS,0,0,37
Southwest,S,3,0,0
Southwest,OH,60,9,15
Southwest,S,16,9,1
Southwest,DS,0,0,5
Southwestern,S,1,0,0
Southwestern,DS/L,6,0,59
Southwestern,DS/L,0,0,22
Southwestern,S,2,0,0
Southwestern,MB/OH,0,0,0
Southwestern,DS/S,3,0,1
Southwestern,DS,#VALUE!,#VALUE!,#VALUE!
Southwestern,MB/OH,40,46,0
Southwestern,OH,31,17,5
Southwestern,DS,0,0,0
Southwestern,OH,20,5,1
Southwestern,OH/RS,25,10,6
Southwestern,OH/DS,13,2,28
Southwestern,OH/RS,32,23,0
Southwestern,DS,0,0,0
Southwestern,MB/OH,26,42,0
Southwestern,OH/RS,#VALUE!,#VALUE!,#VALUE!
Southwestern,S,15,22,0
Southwestern,MB,18,7,0
Southwestern,OH/DS,42,34,50
Southwestern,S/RS,34,10,0
Southwestern Christian,MB/OH,29,38,1
Southwestern Christian,MB/OH,27,46,6
Southwestern Christian,OH/DS,0,0,48
Southwestern Christian,OH/DS,52,12,59
Southwestern Christian,Libero,0,0,32
Southwestern Christian,OPP/OH,33,14,17
Southwestern Christian,Libero/DS,0,0,13
Southwestern Christian,OH/DS,4,0,1
Southwestern Christian,RS/DS,6,0,0
Southwestern Christian,OPP/DS,13,14,10
Southwestern Christian,OH/DS,57,24,4
Southwestern Christian,S,18,15,0
Southwestern Christian,S,4,0,0
Southwestern Christian,OPP/MB,2,0,0
Southwestern Christian,S,4,7,5
Spring Arbor,DS,0,0,14
Spring Arbor,S,32,17,0
Spring Arbor,OH,31,8,18
Spring Arbor,S,4,0,0
Spring Arbor,MB,17,29,0
Spring Arbor,OH,48,38,0
Spring Arbor,LB,1,0,58
Spring Arbor,DS,0,0,43
Spring Arbor,DS,1,0,5
Spring Arbor,OH,27,18,9
Spring Arbor,MB,30,51,0
Spring Arbor,OH,12,5,4
Spring Arbor,DS,1,0,5
Spring Arbor,S,0,0,0
Spring Arbor,OH,54,21,43
Spring Arbor,RS,3,33,0
St. Ambrose,DS,0,0,60
St. Ambrose,OH,3,0,0
St. Ambrose,DS,0,0,5
St. Ambrose,OH,55,23,47
St. Ambrose,S,2,0,0
St. Ambrose,OH,71,28,43
St. Ambrose,MH,33,69,0
St. Ambrose,MH,0,0,0
St. Ambrose,DS,0,0,11
St. Ambrose,OH,16,9,13
St. Ambrose,MH,26,35,0
St. Ambrose,S,1,0,0
St. Ambrose,MH,0,0,0
St. Ambrose,MH,13,25,0
St. Ambrose,OH,54,33,15
St. Ambrose,OH,20,23,0
St. Ambrose,DS,0,0,18
St. Ambrose,OH,#VALUE!,#VALUE!,#VALUE!
St. Ambrose,MH,27,43,0
St. Ambrose,S,8,10,0
St. Ambrose,MH,25,77,0
St. Andrews,S,0,0,0
St. Andrews,OH,15,5,9
St. Andrews,S,4,0,0
St. Andrews,RS,42,28,1
St. Andrews,OH,22,8,3
St. Andrews,OH,12,12,4
St. Andrews,S,28,23,1
St. Andrews,L/DS,0,0,6
St. Andrews,DS,0,0,55
St. Andrews,OH/DS,52,29,86
St. Andrews,MB,25,66,0
St. Andrews,MB,25,37,1
St. Andrews,DS,2,0,62
St. Andrews,MB,6,31,0
St. Andrews,OH/RS,8,0,0
St. Francis (Ill.),DS,0,0,34
St. Francis (Ill.),OH,51,25,99
St. Francis (Ill.),S,1,0,1
St. Francis (Ill.),OH,11,11,4
St. Francis (Ill.),S,2,4,0
St. Francis (Ill.),DS,1,0,0
St. Francis (Ill.),OH,0,0,0
St. Francis (Ill.),RS/MH,23,33,1
St. Francis (Ill.),RS/OH,28,17,1
St. Francis (Ill.),S/RS,6,2,1
St. Francis (Ill.),MH,5,12,0
St. Francis (Ill.),MH/RS,16,45,0
St. Francis (Ill.),S,4,0,0
St. Francis (Ill.),MH,32,60,3
St. Francis (Ill.),DS/OH,2,0,73
St. Francis (Ill.),OH,50,32,41
St. Mary-Woods,L,4,0,0
St. Mary-Woods,DS,0,0,68
St. Mary-Woods,OH,68,28,22
St. Mary-Woods,L,3,1,17
St. Mary-Woods,OH,42,14,22
St. Mary-Woods,DS,0,0,25
St. Mary-Woods,DS,0,0,0
St. Mary-Woods,RS,0,0,0
St. Mary-Woods,MH,17,58,0
St. Mary-Woods,MH,25,32,0
St. Mary-Woods,OH,13,41,0
St. Mary-Woods,MH,5,12,0
St. Mary-Woods,S,4,0,0
St. Mary-Woods,RS,26,33,1
St. Mary-Woods,S,4,1,0
St. Mary-Woods,OH,32,6,13
St. Mary-Woods,L,41,29,2
St. Mary-Woods,DS,0,0,4
St. Mary-Woods,L,20,0,0
St. Mary-Woods,DS,40,0,0
St. Mary-Woods,DS,0,2,8
St. Mary-Woods,DS,0,0,4
St. Mary-Woods,DS,#VALUE!,#VALUE!,#VALUE!
St. Mary-Woods,OH,32,0,0
St. Mary-Woods,S,#VALUE!,#VALUE!,#VALUE!
St. Mary-Woods,S,8,2,0
St. Mary-Woods,S,#VALUE!,#VALUE!,#VALUE!
St. Mary-Woods,MH,3,0,0
St. Mary-Woods,RS,24,54,0
St. Thomas,LB,1,0,37
St. Thomas,RS,49,39,0
St. Thomas,MB,32,48,0
St. Thomas,MB,35,58,0
St. Thomas,OH,37,20,11
St. Thomas,OH,67,19,30
St. Thomas,MB,34,58,0
St. Thomas,OH,5,2,33
St. Thomas,LB,0,0,1
St. Thomas,LB,0,0,0
St. Thomas,S,0,0,0
St. Thomas,S,1,4,0
St. Thomas,LB,#VALUE!,#VALUE!,#VALUE!
St. Thomas,OH,27,18,0
St. Thomas,LB,0,0,7
St. Thomas,S,#VALUE!,#VALUE!,#VALUE!
St. Thomas,RS,30,23,0
St. Thomas,S,0,0,0
St. Thomas,LB,0,0,3
Stephens,RS,25,7,0
Stephens,OH,45,7,38
Stephens,MB,37,41,1
Stephens,OH,60,15,48
Stephens,S,1,0,0
Stephens,S,12,15,0
Stephens,DS,1,1,72
Stephens,DS,5,0,0
Stephens,DS,2,0,0
Stephens,S,7,2,2
Stephens,MH/RS,5,10,0
Stephens,DS,0,0,41
Stephens,MB,50,43,5
Stephens,S,0,0,0
Sterling,MH,9,20,1
Sterling,DS,2,0,44
Sterling,OH,0,0,0
Sterling,S,2,0,0
Sterling,S,0,0,38
Sterling,DS,1,0,41
Sterling,DS,0,0,0
Sterling,OH,29,35,7
Sterling,DS,0,0,0
Sterling,DS,0,0,0
Sterling,DS,10,0,0
Sterling,OH,61,23,0
Sterling,S,1,0,0
Sterling,OH,22,12,10
Sterling,OH,4,0,2
Sterling,DS,0,0,0
Sterling,DS,19,59,7
Sterling,OH,0,0,0
Sterling,S,2,6,0
Sterling,OH,23,27,22
Sterling,MH,44,49,13
Sterling,DS,0,0,0
Stillman,S/DS,7,4,9
Stillman,OH/S,9,5,12
Stillman,S,5,15,11
Stillman,MB/OH,9,5,2
Stillman,MB/OH,20,24,12
Stillman,L/DS,1,0,5
Stillman,OH/MB,0,0,10
Stillman,DS,9,12,9
Stillman,OH/MB,6,0,0
Stillman,DS,0,0,0
Stillman,DS,0,0,0
Stillman,OH,8,14,2
Stillman,S,1,0,26
Stillman,OH,0,2,9
Tabor,OH,43,15,10
Tabor,S,13,16,1
Tabor,OH,52,7,33
Tabor,DS,0,0,1
Tabor,S,0,0,0
Tabor,S,1,5,0
Tabor,RS,16,25,2
Tabor,DS,1,0,52
Tabor,DS,2,0,38
Tabor,RS,44,28,0
Tabor,MB,29,34,0
Tabor,S,23,5,1
Tabor,MB,10,30,0
Tabor,OH,65,15,54
Tabor,DS,1,0,18
Tabor,OH,31,16,8
Tabor,S,#VALUE!,#VALUE!,#VALUE!
Talladega,OH,61,12,27
Talladega,OH/RS,47,25,11
Talladega,OH/DS,6,0,9
Talladega,S/DS,0,0,6
Talladega,S,5,3,1
Talladega,OH,29,14,16
Talladega,RS/OH,13,12,3
Talladega,RS,16,22,9
Talladega,DS/L,1,0,52
Talladega,S,5,2,0
Talladega,MB,33,58,1
Talladega,MB,32,38,0
Talladega,DS,1,0,21
Talladega,MB/RS,16,15,1
Taylor,DS,3,0,12
Taylor,RS,0,0,0
Taylor,OH,50,18,0
Taylor,OH,#VALUE!,#VALUE!,#VALUE!
Taylor,OH,#VALUE!,#VALUE!,#VALUE!
Taylor,OH,57,47,27
Taylor,DS,1,0,7
Taylor,MH,37,48,1
Taylor,OH,28,6,0
Taylor,S,0,0,0
Taylor,DS,0,0,23
Taylor,S,10,0,0
Taylor,MH,24,64,0
Taylor,DS,1,0,21
Taylor,RS,74,39,1
Taylor,OH,0,0,0
Taylor,MH,28,94,0
Taylor,S,18,38,0
Taylor,L,0,0,9
Tennessee Southern,DS,0,0,41
Tennessee Southern,S,0,0,5
Tennessee Southern,OH,47,20,41
Tennessee Southern,DS,0,0,62
Tennessee Southern,OH,50,13,29
Tennessee Southern,OH/RS,30,62,2
Tennessee Southern,MB,23,33,0
Tennessee Southern,RS/MB,13,8,0
Tennessee Southern,OH,64,46,19
Tennessee Southern,S,24,13,0
Tennessee Southern,S,7,16,1
Tennessee Southern,MB,1,0,0
Tennessee Southern,DS,17,20,2
Tennessee Wesleyan,DS,0,0,8
Tennessee Wesleyan,DS,3,0,4
Tennessee Wesleyan,DS/L,0,0,53
Tennessee Wesleyan,MH,16,44,0
Tennessee Wesleyan,DS,0,0,22
Tennessee Wesleyan,OH/RS,20,17,4
Tennessee Wesleyan,OH/RS,49,15,41
Tennessee Wesleyan,S,0,0,1
Tennessee Wesleyan,OH/RS,29,15,22
Tennessee Wesleyan,S,5,0,0
Tennessee Wesleyan,S,0,0,0
Tennessee Wesleyan,MH,22,30,0
Tennessee Wesleyan,OH,28,14,29
Tennessee Wesleyan,DS,0,0,2
Tennessee Wesleyan,S,4,0,0
Tennessee Wesleyan,DS,0,0,39
Tennessee Wesleyan,MH,11,21,0
Texas Wesleyan,MB,30,71,1
Texas Wesleyan,OH/DS,4,1,40
Texas Wesleyan,MB,24,48,0
Texas Wesleyan,RS,4,0,0
Texas Wesleyan,S,0,0,0
Texas Wesleyan,DS,1,0,44
Texas Wesleyan,DS,1,0,15
Texas Wesleyan,RS/MB,27,30,0
Texas Wesleyan,MB/RS,11,32,1
Texas Wesleyan,S,6,7,1
Texas Wesleyan,S,1,0,0
Texas Wesleyan,RS,48,38,0
Texas Wesleyan,OH/DS,0,1,44
Texas Wesleyan,OH,51,24,5
Texas Wesleyan,OH,39,10,5
Texas Wesleyan,OH,48,15,1
Texas Wesleyan,MB/RS,34,23,0
Texas Wesleyan,MB/OH,38,52,0
The Master's,OP,28,49,0
The Master's,MB,49,36,64
The Master's,LB,0,0,42
The Master's,OP,0,0,5
The Master's,L/DS,0,0,2
The Master's,MB,22,38,0
The Master's,OH,0,0,0
The Master's,MB,40,64,1
The Master's,MB,32,70,0
The Master's,OP,4,14,0
The Master's,DS,0,0,3
The Master's,S,1,0,0
The Master's,MB/OH,11,5,1
The Master's,OH,54,20,67
The Master's,OP,2,2,0
The Master's,S,3,7,0
Thomas More,DS,0,0,48
Thomas More,DS,0,0,0
Thomas More,MB,10,0,0
Thomas More,MH,46,70,0
Thomas More,MB,18,0,0
Thomas More,DS,2,2,26
Thomas More,OH,28,18,5
Thomas More,OH,47,46,0
Thomas More,DS,1,0,38
Thomas More,S/RS,0,0,0
Thomas More,MB/OH,47,18,3
Thomas More,DS/S/RS,0,0,10
Thomas More,DS,0,0,0
Thomas More,N/A,0,0,0
Thomas More,MB/RS,0,0,0
Thomas More,RS,48,28,2
Thomas More,S,11,25,1
Thomas More,N/A,0,0,0
Thomas More,N/A,#VALUE!,#VALUE!,#VALUE!
Thomas More,N/A,27,17,0
Thomas More,DS,0,0,30
Thomas More,N/A,50,28,4
Thomas More,N/A,28,14,0
Thomas More,N/A,100,0,0
Thomas More,N/A,#VALUE!,#VALUE!,#VALUE!
Tougaloo,MB,16,23,0
Tougaloo,OH,56,18,20
Tougaloo,S/RS,15,13,3
Tougaloo,RS/MB,4,0,0
Tougaloo,L/DS,0,0,56
Tougaloo,RS/MB,20,17,15
Tougaloo,RS/OH,13,9,19
Tougaloo,DS/L,2,0,12
Tougaloo,DS/S/L,8,0,51
Tougaloo,OH,17,13,6
Tougaloo,MB,18,25,1
Tougaloo,DS/RS,2,0,31
Trinity Christian,DS,0,0,61
Trinity Christian,DS,0,0,31
Trinity Christian,S/DS,5,0,0
Trinity Christian,L/DS,0,0,31
Trinity Christian,S,8,10,0
Trinity Christian,MB,19,22,1
Trinity Christian,OH/OPP,10,20,2
Trinity Christian,MB,38,12,75
Trinity International,OH,54,12,82
Trinity International,RS,27,25,1
Trinity International,DS,0,0,55
Trinity International,DS,0,0,1
Trinity International,DS,2,0,0
Trinity International,MB,29,19,3
Trinity International,MB,#VALUE!,#VALUE!,#VALUE!
Trinity International,MB,#VALUE!,#VALUE!,#VALUE!
Trinity International,S,0,0,0
Trinity International,OH,13,20,4
Trinity International,S,4,3,0
Trinity International,S,0,0,0
Trinity International,DS,0,0,6
Trinity International,OH,#VALUE!,#VALUE!,#VALUE!
Trinity International,OH,80,26,57
Trinity International,MB,22,43,1
Trinity International,S,0,35,0
Trinity International,DS,#VALUE!,#VALUE!,#VALUE!
Trinity International,MB,6,14,0
Trinity International,MB,38,32,3
Trinity International,MB,6,31,0
Trinity International,DS,0,0,0
Trinity International,DS,#VALUE!,#VALUE!,#VALUE!
Truett McConnell,OH,41,21,16
Truett McConnell,OPP,7,17,0
Truett McConnell,DS,0,0,0
Truett McConnell,OH/MB,4,0,0
Truett McConnell,OPP,0,0,0
Truett McConnell,DS,0,0,6
Truett McConnell,MB/OH,41,42,1
Truett McConnell,S/OPP,5,16,3
Truett McConnell,S/DS,2,0,0
Truett McConnell,OH,2,0,0
Truett McConnell,OH,61,28,55
Truett McConnell,DS,0,0,1
Truett McConnell,MB,0,0,0
Truett McConnell,S,0,0,0
Truett McConnell,S/OPP,1,0,25
Truett McConnell,MB,10,23,0
Truett McConnell,DS,1,0,23
Truett McConnell,OPP,2,7,0
Truett McConnell,DS/OH,5,0,0
Truett McConnell,OPP/OH,26,7,5
Truett McConnell,MB,41,50,1
Truett McConnell,DS,0,0,15
Truett McConnell,OH/DS,32,15,36
Truett McConnell,S/DS,#VALUE!,#VALUE!,#VALUE!
Truett McConnell,S/DS,0,0,61
Truett McConnell,DS,0,0,0
Truett McConnell,DS,0,0,0
Truett McConnell,OH,#VALUE!,#VALUE!,#VALUE!
Truett McConnell,DS,#VALUE!,#VALUE!,#VALUE!
Truett McConnell,DS,#VALUE!,#VALUE!,#VALUE!
UC Merced,MB,50,35,15
UC Merced,S,1,0,0
UC Merced,OH,14,2,3
UC Merced,L,0,0,29
UC Merced,DS,1,0,40
UC Merced,L/DS,0,0,11
UC Merced,OH,11,3,36
UC Merced,OH,18,5,17
UC Merced,DS/L,0,0,25
UC Merced,S/OH,30,25,4
UC Merced,MB,27,51,1
UC Merced,S,0,0,0
UC Merced,RS,19,12,0
UC Merced,OH,36,20,13
UC Merced,S,1,0,0
UC Merced,MB,24,56,1
UC Merced,RS,29,23,3
UC Merced,OH,2,0,1
Union,OH/RS,37,20,8
Union,DS,0,0,1
Union,RS/OH,20,11,7
Union,L/RS,0,0,43
Union,OH/RS,30,19,14
Union,DS/RS,0,71,0
Union,MH/RS,4,14,0
Union,S/RS,0,0,0
Union,DS/OH,0,0,26
Union,MH/OH,52,64,30
Union,S/DS,1,0,42
Union,OH/RS,55,24,12
Union,S/DS,4,2,4
Union,MH/OH,24,41,5
Union,S/RS,3,4,0
Union,DS/L,0,1,8
Union,S/DS,2,0,3
Union,DS/OH,1,0,41
University of Health Sciences and Pharmacy,OH,20,8,2
University of Health Sciences and Pharmacy,DS,0,0,29
University of Health Sciences and Pharmacy,DS,15,5,44
University of Health Sciences and Pharmacy,DS,0,0,68
University of Health Sciences and Pharmacy,DS,0,0,39
University of Health Sciences and Pharmacy,OH/DS,39,13,12
University of Health Sciences and Pharmacy,S,3,8,0
University of Health Sciences and Pharmacy,DS,0,0,22
University of Health Sciences and Pharmacy,OH/MB,35,23,6
University of Health Sciences and Pharmacy,S,9,8,0
University of Health Sciences and Pharmacy,MB,45,33,0
University of Health Sciences and Pharmacy,DS,10,0,0
University of Health Sciences and Pharmacy,MB,16,27,0
University of Health Sciences and Pharmacy,MB,0,23,0
University of Health Sciences and Pharmacy,OH,28,10,12
University of Health Sciences and Pharmacy,MB/RS,38,14,1
University of Health Sciences and Pharmacy,RS,30,17,0
University of Health Sciences and Pharmacy,RS,36,30,2
University of Health Sciences and Pharmacy,DS,3,0,0
University of Health Sciences and Pharmacy,RS,#VALUE!,#VALUE!,#VALUE!
University of Health Sciences and Pharmacy,MB/RS,#VALUE!,#VALUE!,#VALUE!
University of Northwestern Ohio,OH,1,0,9
University of Northwestern Ohio,MB,31,32,0
University of Northwestern Ohio,DS,1,0,55
University of Northwestern Ohio,OH,0,0,29
University of Northwestern Ohio,DS,0,0,53
University of Northwestern Ohio,S,11,9,0
University of Northwestern Ohio,OH,61,18,63
University of Northwestern Ohio,OH,60,25,12
University of Northwestern Ohio,MB,34,40,5
University of Northwestern Ohio,MB,28,45,0
University of Northwestern Ohio,OH,37,18,37
University of Northwestern Ohio,S,0,0,0
University of Northwestern Ohio,S,#VALUE!,#VALUE!,#VALUE!
University of Northwestern Ohio,MB,26,36,0
University of Northwestern Ohio,DS,0,0,0
Valley City State,MB,71,30,9
Valley City State,DS,0,0,0
Valley City State,DS,0,0,0
Valley City State,S,1,0,32
Valley City State,OH,36,61,0
Valley City State,OH,3,0,44
Valley City State,S,1,0,1
Valley City State,MB,39,43,66
Valley City State,OH,28,31,0
Valley City State,OH,42,30,9
Valley City State,DS,0,0,0
Valley City State,S,16,23,3
Valley City State,DS,3,2,68
Vanguard,DS,0,0,8
Vanguard,LB,0,0,14
Vanguard,S,0,0,0
Vanguard,S,1,0,0
Vanguard,OH,35,9,8
Vanguard,OH,31,39,0
Vanguard,MB,37,66,3
Vanguard,DS,0,0,3
Vanguard,OH,34,31,0
Vanguard,OH,52,19,59
Vanguard,MB,22,58,1
Vanguard,OH,12,0,1
Vanguard,OH,60,30,73
Vanguard,MB,0,0,0
Vanguard,OH,5,89,0
Vanguard,S,0,0,0
Vanguard,OH,0,23,0
Vanguard,DS,0,0,58
Vanguard,OH,36,37,0
Vanguard,DS,0,0,2
Viterbo,S,3,0,0
Viterbo,MH,43,63,0
Viterbo,OH,73,25,39
Viterbo,RS,12,12,0
Viterbo,DS,0,0,69
Viterbo,MH,6,17,0
Viterbo,OH,0,0,0
Viterbo,DS,0,0,0
Viterbo,DS,0,0,2
Viterbo,OH,3,5,0
Viterbo,DS,61,27,27
Viterbo,MH,1,0,72
Viterbo,MH,31,32,1
Waldorf,OH,63,17,49
Waldorf,S,0,0,0
Waldorf,DS,0,0,7
Waldorf,OH,40,0,0
Waldorf,RS,17,7,2
Waldorf,DS,0,0,22
Waldorf,MB,39,72,2
Waldorf,OH,40,26,0
Waldorf,S/RS,#VALUE!,#VALUE!,#VALUE!
Waldorf,MB,22,30,0
Waldorf,S,8,20,0
Waldorf,RS,48,30,9
Waldorf,DS,0,0,2
Waldorf,OH,19,12,25
Waldorf,DS,0,0,28
Waldorf,MB,31,56,0
Waldorf,MB,#VALUE!,#VALUE!,#VALUE!
Waldorf,S,2,0,0
Waldorf,S/DS,#VALUE!,#VALUE!,#VALUE!
Walla Walla,OH,10,20,9
Walla Walla,RS,11,12,13
Walla Walla,DS,0,0,0
Walla Walla,L,0,0,7
Walla Walla,S,0,2,1
Walla Walla,MB,62,49,33
Walla Walla,OH,9,12,9
Walla Walla,OH,4,7,2
Walla Walla,RS,6,17,1
Walla Walla,DS,0,0,12
Walla Walla,DS,0,0,19
Walla Walla,S,0,0,0
Walla Walla,OH,7,11,15
Walla Walla,OH,66,13,33
Warner,S,0,0,1
Warner,DS/L,1,0,30
Warner,OH/S,0,2,4
Warner,L,0,0,56
Warner,DS/L,0,0,0
Warner,OP,14,19,0
Warner,MB,10,25,0
Warner,OH,26,47,0
Warner,DS/L,1,0,21
Warner,OH/DS,28,15,36
Warner,DS/L,0,0,0
Warner,OH,18,6,8
Warner,DS,0,0,0
Warner,OH,20,45,0
Warner,OH,32,18,7
Warner,S,2,8,0
Warner,OH,32,9,13
Warner,S/OH,2,4,2
Warner,MB,11,0,0
Warner,OH/DS,5,4,3
Warner,DS/S,10,0,0
Warner,DS/L,0,0,0
Warner,M/OH,47,51,6
Warner,DS,#VALUE!,#VALUE!,#VALUE!
Warner Pacific,DS,#VALUE!,#VALUE!,#VALUE!
Warner Pacific,S,0,0,0
Warner Pacific,OH,48,10,40
Warner Pacific,OH,24,5,23
Warner Pacific,MB,14,29,0
Warner Pacific,DS,0,1,22
Warner Pacific,DS,0,0,50
Warner Pacific,MB,7,38,0
Warner Pacific,UT,12,12,1
Warner Pacific,DS,4,0,15
Warner Pacific,S,3,5,0
Warner Pacific,S,0,0,0
Warner Pacific,MB,38,33,4
Washington Adventist,DS,0,0,0
Washington Adventist,MB,8,10,0
Washington Adventist,DS,0,0,0
Washington Adventist,OH,5,5,0
Washington Adventist,OH,0,2,3
Washington Adventist,DS,0,0,3
Washington Adventist,MB,36,50,15
Washington Adventist,MB,7,18,1
Washington Adventist,S,1,4,0
Washington Adventist,L,21,10,18
Washington Adventist,S,2,2,5
Washington Adventist,OH,32,16,11
Wayland Baptist,S,3,4,2
Wayland Baptist,L/DS,0,0,27
Wayland Baptist,MH,41,58,0
Wayland Baptist,OH,3,2,10
Wayland Baptist,OH,31,27,30
Wayland Baptist,MH,45,71,1
Wayland Baptist,OH,16,33,32
Wayland Baptist,OH,41,64,10
Wayland Baptist,S,13,37,0
Wayland Baptist,L/DS,0,0,32
Wayland Baptist,DS,#VALUE!,#VALUE!,#VALUE!
Wayland Baptist,DS,0,2,37
Wayland Baptist,S,0,0,0
Wayland Baptist,OH,#VALUE!,#VALUE!,#VALUE!
Webber International,OH/OPP,36,17,29
Webber International,L/DS,0,0,4
Webber International,S,6,2,0
Webber International,L,1,0,24
Webber International,S,5,0,1
Webber International,OH/DS,1,1,3
Webber International,MB,33,72,1
Webber International,OH/OPP,6,0,2
Webber International,OH/OPP,1,0,27
Webber International,S/OPP,8,12,0
Webber International,OH/DS,1,0,55
Webber International,OH,31,13,9
Webber International,OH,49,37,36
Webber International,MB,23,37,0
Webber International,DS,0,0,0
Webber International,OH/MB,17,30,1
Webber International,MB,31,57,0
Webber International,OPP,28,25,2
Webber International,OH,43,35,1
Westcliff,OH,41,13,35
Westcliff,MB,14,54,1
Westcliff,OH,11,0,0
Westcliff,MB,18,39,0
Westcliff,DS/L,0,0,1
Westcliff,OH,27,10,20
Westcliff,MB,19,58,0
Westcliff,S,1,0,0
Westcliff,OH,61,48,1
Westcliff,OH,30,21,17
Westcliff,OH,22,20,0
Westcliff,OH,52,23,10
Westcliff,DS/L,1,0,39
Westcliff,Oppo/DS,1,1,0
Westcliff,DS/L,1,0,49
Westcliff,S,6,7,0
Westcliff,OH,1,0,0
Westcliff,S,6,0,0
Westcliff,DS/OH,0,0,1
Westcliff,OH,6,0,0
Westcliff,S,4,0,0
Westcliff,MB,#VALUE!,#VALUE!,#VALUE!
Westcliff,DS/L,#VALUE!,#VALUE!,#VALUE!
Westmont,S,3,0,0
Westmont,LB,0,0,45
Westmont,OH,0,0,0
Westmont,MH,17,53,0
Westmont,MH,34,39,0
Westmont,LB,0,0,41
Westmont,DS,0,0,2
Westmont,MH,50,67,1
Westmont,OH,28,37,0
Westmont,S,4,0,0
Westmont,MH,30,64,1
Westmont,OH,7,0,0
Westmont,OH,59,13,66
Westmont,OH,47,20,25
Wiley,MB,36,49,11
Wiley,RS,6,23,12
Wiley,L/DS,2,0,60
Wiley,OH,5,23,0
Wiley,RS,0,0,11
Wiley,MB,63,14,37
Wiley,S,6,26,13
Wiley,S,7,45,0
Wiley,OH,1,0,0
Wiley,L/DS,4,6,0
Wiley,MB/RS,35,17,17
Wiley,RS,1,0,14
William Penn,OH,14,13,0
William Penn,OH,26,20,12
William Penn,S,3,0,0
William Penn,RS,15,0,0
William Penn,MH,42,69,2
William Penn,OH,38,18,39
William Penn,DS,3,0,0
William Penn,OH,62,36,60
William Penn,DS,10,0,0
William Penn,DS,24,23,6
William Penn,DS,0,0,58
William Penn,DS,0,0,39
William Penn,MH,36,61,1
William Penn,S,1,0,0
William Penn,DS,11,5,22
William Penn,OH,45,64,4
William Penn,DS,0,0,0
William Penn,S,4,0,0
William Penn,MH,21,43,0
William Woods,OH,17,7,6
William Woods,OH,23,26,0
William Woods,DS,0,0,30
William Woods,RS,28,38,0
William Woods,S,0,2,0
William Woods,S,7,8,0
William Woods,MH,34,84,2
William Woods,OH,28,29,2
William Woods,DS,0,0,1
William Woods,DS,0,0,70
William Woods,OH,40,48,1
William Woods,MH,21,45,0
William Woods,S,3,5,0
William Woods,S,4,0,0
William Woods,MH,21,76,0
William Woods,RS,27,56,0
William Woods,OH,36,17,8
William Woods,S,0,0,0
William Woods,MH,41,24,75
William Woods,OH,0,0,18
Williams Baptist,S,3,0,0
Williams Baptist,DS/L,#VALUE!,#VALUE!,#VALUE!
Williams Baptist,S,5,0,1
Williams Baptist,S,#VALUE!,#VALUE!,#VALUE!
Williams Baptist,DS,1,0,63
Williams Baptist,DS,0,0,42
Williams Baptist,RS,11,3,16
Williams Baptist,DS,0,0,24
Williams Baptist,MH,#VALUE!,#VALUE!,#VALUE!
Williams Baptist,DS,1,0,4
Williams Baptist,DS/Libero,#VALUE!,#VALUE!,#VALUE!
Williams Baptist,DS,0,0,4
Williams Baptist,OH,59,14,5
Williams Baptist,S/H,1,0,0
Williams Baptist,MH,21,25,3
Williams Baptist,S,1,0,2
Williams Baptist,DS,0,0,35
Williams Baptist,H,24,5,1
Williams Baptist,RS,#VALUE!,#VALUE!,#VALUE!
Williams Baptist,MH/OH,29,13,2
Williams Baptist,MH/OH,21,10,0
Williams Baptist,MH/MB,26,31,0
Williams Baptist,OH/RS/MH,#VALUE!,#VALUE!,#VALUE!
WVU Tech,MH,26,21,0
WVU Tech,RS,40,43,1
WVU Tech,DS,0,0,9
WVU Tech,S,2,0,26
WVU Tech,DS,3,0,47
WVU Tech,OH,26,30,0
WVU Tech,S,9,9,1
WVU Tech,UT,13,10,12
WVU Tech,OH,53,15,34
WVU Tech,DS,14,9,7
WVU Tech,LS,1,0,13
WVU Tech,LB,1,0,63
WVU Tech,DS,0,0,0
WVU Tech,LB,51,11,20
WVU Tech,OH,37,21,0
WVU Tech,OH,46,27,5
Xavier,LB,0,0,42
Xavier,MB,26,68,0
Xavier,DS,0,0,3
Xavier,OH,32,29,2
Xavier,S,0,0,0
Xavier,OH,74,15,44
Xavier,RS,6,41,0
Xavier,OH,54,29,21
Xavier,OH,0,0,0
Xavier,OH,49,28,22
Xavier,S,2,0,0
Xavier,S,2,2,0
Xavier,OH,45,22,1
Xavier,DS,#VALUE!,#VALUE!,#VALUE!
Xavier,MB,21,64,0
Xavier,LB,0,1,2
Xavier,MB,16,39,0
Xavier,MB,10,44,0
Xavier,S,4,0,0
York,S,0,0,0
York,MH,6,0,0
York,DS,44,17,50
York,MB,6,0,0
York,MH,23,35,8
York,S,1,1,1
York,DS,2,0,42
York,RS,54,28,20
York,DS,0,0,13
York,S,0,23,0
York,MB,15,58,1
York,OH,20,9,3
York,MB,30,51,0
York,S,4,7,0
York,MH,8,0,0
York,DS,0,0,38
York,RS,10,17,0
York,DS,0,0,2
York,OH,32,19,14
